{"type":"FeatureCollection","features":[{"type":"Feature","id":"asska-69-654","properties":{"id":"asska-69-654","label":"Ašská: Toužimská - Nepomuckých + Chebská","street":"Ašská","mailboxes":30,"buildings":17,"placeholder":0},"geometry":{"type":"Polygon","coordinates":[[[14.517713,50.137824],[14.517921,50.137825],[14.517938,50.137825],[14.517939,50.137825],[14.51794,50.137825],[14.518059,50.137851],[14.518193,50.137836],[14.518296,50.137824],[14.518333,50.137765],[14.518334,50.137764],[14.518335,50.137764],[14.518335,50.137763],[14.51842,50.137727],[14.518426,50.13771],[14.518359,50.137588],[14.518359,50.137587],[14.51832,50.137316],[14.518274,50.13725],[14.518274,50.137249],[14.518274,50.137248],[14.518274,50.137247],[14.518275,50.137247],[14.518311,50.137216],[14.518312,50.137215],[14.518313,50.137215],[14.518314,50.137215],[14.518427,50.1372],[14.518428,50.1372],[14.518429,50.1372],[14.51843,50.1372],[14.518431,50.137201],[14.518432,50.137201],[14.518433,50.137202],[14.518434,50.137203],[14.518434,50.137204],[14.518434,50.137205],[14.518397,50.13728],[14.518438,50.137534],[14.518524,50.137614],[14.518525,50.137615],[14.518525,50.137616],[14.518544,50.137694],[14.518561,50.137711],[14.518821,50.13769],[14.518822,50.13769],[14.518823,50.13769],[14.518824,50.13769],[14.518958,50.137724],[14.518959,50.137724],[14.51896,50.137725],[14.518965,50.13773],[14.518972,50.137727],[14.518985,50.137721],[14.518986,50.137721],[14.518987,50.137721],[14.518988,50.13772],[14.518989,50.13772],[14.51899,50.137721],[14.518991,50.137721],[14.519116,50.137768],[14.519124,50.137768],[14.519141,50.137721],[14.519141,50.13772],[14.519142,50.137719],[14.519143,50.137719],[14.519252,50.137675],[14.519252,50.137674],[14.519253,50.137674],[14.519254,50.137674],[14.519255,50.137674],[14.519256,50.137674],[14.519381,50.137692],[14.519382,50.137693],[14.519383,50.137693],[14.519384,50.137693],[14.519384,50.137694],[14.519385,50.137694],[14.519415,50.137725],[14.519423,50.137721],[14.519482,50.137654],[14.519482,50.137651],[14.519482,50.13755],[14.519422,50.137448],[14.519422,50.137447],[14.519422,50.137446],[14.519422,50.137445],[14.519423,50.137445],[14.519424,50.137444],[14.519425,50.137444],[14.519481,50.137432],[14.519528,50.137422],[14.519593,50.137381],[14.519622,50.137326],[14.51961,50.137242],[14.519531,50.137167],[14.519458,50.137155],[14.519402,50.137146],[14.519401,50.137146],[14.5194,50.137146],[14.5194,50.137145],[14.519399,50.137145],[14.519398,50.137144],[14.519346,50.137037],[14.519346,50.137036],[14.51933,50.136858],[14.519278,50.136809],[14.519202,50.136783],[14.518936,50.136798],[14.518821,50.136865],[14.51882,50.136865],[14.51882,50.136866],[14.518819,50.136866],[14.518818,50.136866],[14.518817,50.136866],[14.518816,50.136866],[14.518665,50.136841],[14.518128,50.136922],[14.518127,50.136923],[14.517955,50.136922],[14.517864,50.136953],[14.517899,50.136969],[14.5179,50.136969],[14.5179,50.13697],[14.517945,50.137023],[14.517945,50.137024],[14.518002,50.137296],[14.518002,50.137297],[14.518002,50.137298],[14.517982,50.137359],[14.517981,50.13736],[14.517918,50.137408],[14.517917,50.137408],[14.517917,50.137409],[14.517916,50.137409],[14.51782,50.137432],[14.517819,50.137432],[14.517818,50.137432],[14.517566,50.137438],[14.517565,50.137438],[14.517564,50.137438],[14.517564,50.137437],[14.517563,50.137437],[14.517484,50.137406],[14.517483,50.137406],[14.517482,50.137406],[14.517482,50.137405],[14.517436,50.137354],[14.517406,50.137374],[14.517397,50.137493],[14.517411,50.137506],[14.51743,50.137517],[14.517431,50.137518],[14.517432,50.137519],[14.517432,50.13752],[14.517433,50.137526],[14.517559,50.137643],[14.51756,50.137644],[14.517598,50.137755],[14.517713,50.137824]]]}},{"type":"Feature","id":"bechlinska-705-705","properties":{"id":"bechlinska-705-705","label":"Bechlínská x Terezínská","street":"Bechlínská","mailboxes":72,"buildings":1,"placeholder":0},"geometry":{"type":"Polygon","coordinates":[[[14.502398,50.127538],[14.502467,50.127625],[14.502675,50.127676],[14.502778,50.127686],[14.502847,50.127664],[14.502848,50.127664],[14.502849,50.127664],[14.50285,50.127664],[14.502949,50.127671],[14.503025,50.127635],[14.503234,50.127217],[14.503232,50.127212],[14.503215,50.127146],[14.503131,50.127092],[14.502773,50.127028],[14.502675,50.127047],[14.502609,50.127093],[14.502604,50.127104],[14.502588,50.127136],[14.502398,50.127538]]]}},{"type":"Feature","id":"bechlinska-705-705-e34b","properties":{"id":"bechlinska-705-705-e34b","label":"Bechlínská x Terezínská","street":"Bechlínská","mailboxes":71,"buildings":1,"placeholder":0},"geometry":{"type":"Polygon","coordinates":[[[14.502868,50.126663],[14.502803,50.126706],[14.502618,50.127076],[14.502668,50.127041],[14.502669,50.127041],[14.50267,50.127041],[14.50267,50.12704],[14.502771,50.127021],[14.502772,50.127021],[14.502773,50.127021],[14.502774,50.127021],[14.503135,50.127085],[14.503136,50.127085],[14.503137,50.127086],[14.503138,50.127086],[14.503224,50.127141],[14.503224,50.127142],[14.503225,50.127142],[14.503225,50.127143],[14.503239,50.127196],[14.50342,50.126829],[14.503365,50.126742],[14.502955,50.126645],[14.502868,50.126663]]]}},{"type":"Feature","id":"bechynska-640-640","properties":{"id":"bechynska-640-640","label":"Bechyňská: Křivoklátská - Beranových","street":"Bechyňská","mailboxes":28,"buildings":1,"placeholder":0},"geometry":{"type":"Polygon","coordinates":[[[14.514868,50.13777],[14.514999,50.137853],[14.515093,50.137912],[14.515407,50.137904],[14.515555,50.137862],[14.51562,50.13781],[14.515611,50.137615],[14.515522,50.137483],[14.515437,50.137437],[14.515253,50.137429],[14.515021,50.137476],[14.514939,50.13753],[14.51492,50.137607],[14.51492,50.137608],[14.51492,50.137609],[14.514853,50.13768],[14.514855,50.137693],[14.514868,50.13777]]]}},{"type":"Feature","id":"bechynska","properties":{"id":"bechynska","label":"Bechyňská: Křivoklátská - Beranových","street":"Bechyňská","mailboxes":3,"buildings":1,"placeholder":1},"geometry":{"type":"Polygon","coordinates":[[[14.515512,50.136908],[14.51513,50.136904],[14.515044,50.136923],[14.51501,50.13693],[14.514944,50.136992],[14.514934,50.137252],[14.514964,50.137317],[14.515109,50.137374],[14.515489,50.137375],[14.515577,50.137357],[14.515665,50.137264],[14.515667,50.137019],[14.515652,50.13699],[14.515638,50.136963],[14.515512,50.136908]]]}},{"type":"Feature","id":"beranovych","properties":{"id":"beranovych","label":"Beranových: Broumovská - Hořická","street":"Beranových","mailboxes":7,"buildings":6,"placeholder":0},"geometry":{"type":"Polygon","coordinates":[[[14.509662,50.126691],[14.509662,50.126692],[14.509663,50.126692],[14.509663,50.126693],[14.5097,50.126831],[14.509794,50.126914],[14.509794,50.126915],[14.509795,50.126915],[14.509795,50.126916],[14.509795,50.126917],[14.509772,50.126989],[14.509769,50.126998],[14.509757,50.127036],[14.509775,50.127101],[14.509778,50.127112],[14.509859,50.127182],[14.509939,50.127212],[14.510015,50.127205],[14.510205,50.127188],[14.510296,50.127134],[14.510318,50.127064],[14.510266,50.126916],[14.510178,50.126857],[14.510178,50.126856],[14.510177,50.126856],[14.510177,50.126855],[14.510177,50.126854],[14.510177,50.126853],[14.510217,50.126768],[14.510179,50.126643],[14.510129,50.126593],[14.510055,50.126564],[14.510054,50.126564],[14.510053,50.126564],[14.510053,50.126563],[14.510052,50.126563],[14.510052,50.126562],[14.510052,50.126561],[14.510052,50.12656],[14.510053,50.12656],[14.51012,50.126472],[14.510068,50.126312],[14.509995,50.12626],[14.509896,50.126241],[14.509688,50.126268],[14.509441,50.126387],[14.509423,50.126434],[14.509408,50.126477],[14.50946,50.126538],[14.509531,50.126621],[14.509661,50.126691],[14.509662,50.126691]]]}},{"type":"Feature","id":"beranovych-83-166","properties":{"id":"beranovych-83-166","label":"Beranových: Boletická - Protivínská","street":"Beranových","mailboxes":31,"buildings":6,"placeholder":0},"geometry":{"type":"Polygon","coordinates":[[[14.513082,50.133849],[14.513207,50.13387],[14.513208,50.13387],[14.513209,50.133871],[14.51321,50.133871],[14.51321,50.133872],[14.513211,50.133872],[14.513211,50.133873],[14.513219,50.133916],[14.513219,50.133917],[14.513219,50.133918],[14.513218,50.133918],[14.513218,50.133919],[14.513217,50.133919],[14.513217,50.13392],[14.513216,50.13392],[14.513215,50.13392],[14.513214,50.13392],[14.513089,50.133935],[14.513007,50.13398],[14.512976,50.134043],[14.512996,50.134135],[14.513096,50.1342],[14.513254,50.134212],[14.513255,50.134212],[14.513256,50.134212],[14.513256,50.134213],[14.513257,50.134213],[14.513258,50.134213],[14.513258,50.134214],[14.513259,50.134214],[14.513307,50.134288],[14.513308,50.134288],[14.513308,50.134289],[14.513308,50.13429],[14.513307,50.134291],[14.513296,50.134305],[14.513362,50.134358],[14.513362,50.134359],[14.513363,50.134359],[14.513363,50.13436],[14.513387,50.134422],[14.513387,50.134423],[14.513387,50.134424],[14.513359,50.134524],[14.513494,50.134574],[14.513738,50.134552],[14.513813,50.134512],[14.51385,50.134451],[14.513781,50.13403],[14.513781,50.134029],[14.513782,50.134028],[14.513834,50.133939],[14.513813,50.133867],[14.513741,50.133814],[14.51374,50.133814],[14.51374,50.133813],[14.51374,50.133812],[14.513739,50.133812],[14.513694,50.13359],[14.513617,50.133533],[14.51351,50.133515],[14.513274,50.133536],[14.513131,50.133615],[14.513009,50.133682],[14.513006,50.133781],[14.513079,50.133846],[14.513082,50.133849]]]}},{"type":"Feature","id":"beranovych-81-81","properties":{"id":"beranovych-81-81","label":"Beranových: Protivínská - Rychnovská","street":"Beranových","mailboxes":2,"buildings":1,"placeholder":0},"geometry":{"type":"Polygon","coordinates":[[[14.513561,50.135112],[14.513646,50.135079],[14.513647,50.135079],[14.513648,50.135079],[14.513649,50.135078],[14.513855,50.13506],[14.513856,50.13506],[14.513857,50.13506],[14.513858,50.13506],[14.51393,50.135077],[14.513984,50.135055],[14.51404,50.134996],[14.51402,50.134887],[14.513947,50.134837],[14.513947,50.134836],[14.513946,50.134836],[14.513946,50.134835],[14.513898,50.134746],[14.513797,50.134704],[14.513477,50.13474],[14.513477,50.134802],[14.513476,50.134803],[14.513476,50.134804],[14.513475,50.134804],[14.513475,50.134805],[14.513406,50.134851],[14.513399,50.134965],[14.513457,50.135057],[14.513561,50.135112]]]}},{"type":"Feature","id":"beranovych-64-64","properties":{"id":"beranovych-64-64","label":"Beranových x Příborská","street":"Beranových","mailboxes":4,"buildings":1,"placeholder":0},"geometry":{"type":"Polygon","coordinates":[[[14.513523,50.13165],[14.513613,50.131724],[14.513884,50.131733],[14.514017,50.131673],[14.514042,50.131617],[14.514024,50.131461],[14.513835,50.131316],[14.513689,50.131301],[14.513581,50.131326],[14.513513,50.131391],[14.513523,50.13165]]]}},{"type":"Feature","id":"beranovych-96-96","properties":{"id":"beranovych-96-96","label":"Beranových: Bechyňská - Rychnovská","street":"Beranových","mailboxes":3,"buildings":1,"placeholder":0},"geometry":{"type":"Polygon","coordinates":[[[14.513929,50.1365],[14.513938,50.136489],[14.513939,50.136488],[14.51394,50.136488],[14.51394,50.136487],[14.513941,50.136487],[14.514052,50.136458],[14.514053,50.136458],[14.514054,50.136458],[14.514055,50.136458],[14.514266,50.136463],[14.514342,50.136408],[14.514291,50.136207],[14.514262,50.136189],[14.514171,50.136133],[14.514078,50.136129],[14.513863,50.136172],[14.513792,50.136225],[14.513777,50.136294],[14.513812,50.136424],[14.513929,50.1365]]]}},{"type":"Feature","id":"beranovych-10-241","properties":{"id":"beranovych-10-241","label":"Beranových: Rychnovská - Toužimská","street":"Beranových","mailboxes":27,"buildings":17,"placeholder":1},"geometry":{"type":"Polygon","coordinates":[[[14.513925,50.136003],[14.513929,50.136004],[14.514057,50.135991],[14.51418,50.135923],[14.514181,50.135923],[14.514182,50.135923],[14.514183,50.135923],[14.514184,50.135923],[14.514185,50.135923],[14.514186,50.135923],[14.514187,50.135923],[14.514188,50.135924],[14.514189,50.135925],[14.514189,50.135926],[14.514271,50.136185],[14.5143,50.136203],[14.514301,50.136203],[14.514301,50.136204],[14.514301,50.136205],[14.514353,50.136408],[14.514353,50.136409],[14.514353,50.13641],[14.514352,50.13641],[14.514352,50.136411],[14.514344,50.136417],[14.51436,50.136468],[14.51436,50.136469],[14.51436,50.13647],[14.514359,50.13647],[14.514359,50.136471],[14.514358,50.136471],[14.514357,50.136471],[14.514357,50.136472],[14.514356,50.136472],[14.514355,50.136472],[14.514354,50.136472],[14.514269,50.13647],[14.514055,50.136465],[14.513947,50.136493],[14.513936,50.136508],[14.513921,50.136525],[14.513945,50.136506],[14.513946,50.136505],[14.513947,50.136505],[14.514047,50.136479],[14.514048,50.136479],[14.514049,50.136479],[14.51405,50.136479],[14.514051,50.136479],[14.514199,50.136509],[14.5142,50.13651],[14.514201,50.13651],[14.514438,50.136642],[14.514439,50.136642],[14.514439,50.136643],[14.514474,50.136688],[14.514483,50.136614],[14.514483,50.136613],[14.514484,50.136613],[14.514484,50.136612],[14.514485,50.136612],[14.514486,50.136611],[14.514487,50.136611],[14.514488,50.136611],[14.514489,50.136611],[14.51449,50.136611],[14.514491,50.136612],[14.514492,50.136612],[14.514493,50.136613],[14.514494,50.136614],[14.514578,50.136802],[14.514828,50.1369],[14.515042,50.136916],[14.515128,50.136897],[14.515129,50.136897],[14.51513,50.136897],[14.515514,50.136901],[14.515515,50.136901],[14.515516,50.136901],[14.515517,50.136901],[14.515646,50.136957],[14.515647,50.136958],[14.515648,50.136958],[14.515648,50.136959],[14.515662,50.136986],[14.515966,50.137046],[14.516121,50.137013],[14.516149,50.136969],[14.5162,50.13689],[14.516179,50.136836],[14.516152,50.136768],[14.516075,50.136716],[14.515902,50.136681],[14.515901,50.136681],[14.5159,50.136681],[14.515899,50.13668],[14.515815,50.136611],[14.515713,50.136592],[14.515597,50.136615],[14.515596,50.136615],[14.515595,50.136615],[14.515594,50.136615],[14.515593,50.136615],[14.515592,50.136614],[14.515511,50.136586],[14.515396,50.13658],[14.515156,50.136607],[14.515155,50.136607],[14.514985,50.136592],[14.514984,50.136592],[14.514983,50.136592],[14.514983,50.136591],[14.514982,50.136591],[14.514981,50.13659],[14.514981,50.136589],[14.51498,50.136589],[14.51498,50.136588],[14.514981,50.136528],[14.514976,50.136517],[14.5149,50.136492],[14.514899,50.136492],[14.514899,50.136491],[14.514898,50.136491],[14.514844,50.136441],[14.514843,50.136441],[14.514843,50.13644],[14.514811,50.136354],[14.514811,50.136353],[14.514811,50.136352],[14.51484,50.136285],[14.514841,50.136284],[14.514882,50.136249],[14.514905,50.136216],[14.514894,50.136148],[14.514893,50.136148],[14.514894,50.136147],[14.514931,50.136041],[14.514886,50.135977],[14.514754,50.135907],[14.514753,50.135907],[14.514753,50.135906],[14.514752,50.135905],[14.514752,50.135904],[14.514743,50.135787],[14.514628,50.135568],[14.514492,50.135529],[14.514258,50.135564],[14.514167,50.135603],[14.514122,50.135671],[14.514121,50.135672],[14.51412,50.135673],[14.514119,50.135673],[14.514118,50.135673],[14.514117,50.135673],[14.514116,50.135673],[14.514115,50.135673],[14.514114,50.135673],[14.514034,50.135646],[14.514006,50.135637],[14.513849,50.135648],[14.513841,50.135652],[14.513759,50.135686],[14.513755,50.135687],[14.513712,50.135753],[14.513753,50.135923],[14.51384,50.135989],[14.513925,50.136003]]]}},{"type":"Feature","id":"beranovych-3be6","properties":{"id":"beranovych-3be6","label":"Beranových: Bechyňská - Rychnovská","street":"Beranových","mailboxes":1,"buildings":1,"placeholder":0},"geometry":{"type":"Polygon","coordinates":[[[14.514854,50.136438],[14.514907,50.136486],[14.514989,50.136513],[14.515086,50.136511],[14.515319,50.136457],[14.515421,50.136375],[14.515374,50.136222],[14.515249,50.136161],[14.514954,50.136201],[14.514851,50.136288],[14.514822,50.136353],[14.514854,50.136438]]]}},{"type":"Feature","id":"beranovych-60-60","properties":{"id":"beranovych-60-60","label":"Beranových: Nepomuckých - Toužimská","street":"Beranových","mailboxes":1,"buildings":1,"placeholder":0},"geometry":{"type":"Polygon","coordinates":[[[14.517061,50.137804],[14.517321,50.137793],[14.517434,50.137716],[14.517421,50.137522],[14.517255,50.137423],[14.517138,50.137423],[14.517092,50.137446],[14.517092,50.137447],[14.517091,50.137447],[14.51709,50.137447],[14.517089,50.137447],[14.517088,50.137447],[14.517038,50.137447],[14.517037,50.137447],[14.516922,50.137522],[14.516895,50.137605],[14.516918,50.137712],[14.516982,50.137774],[14.517061,50.137804]]]}},{"type":"Feature","id":"beranovych-716-716","properties":{"id":"beranovych-716-716","label":"Beranových: Kopřivnická - Prachatická","street":"Beranových","mailboxes":28,"buildings":1,"placeholder":0},"geometry":{"type":"Polygon","coordinates":[[[14.51795,50.14046],[14.517976,50.14029],[14.517949,50.140241],[14.517949,50.14024],[14.517949,50.140239],[14.517975,50.140122],[14.517976,50.140121],[14.517977,50.14012],[14.518039,50.140074],[14.517982,50.14001],[14.517858,50.139976],[14.517683,50.139972],[14.517517,50.140063],[14.517516,50.140063],[14.517515,50.140063],[14.517514,50.140063],[14.517406,50.140068],[14.517325,50.140104],[14.517284,50.140157],[14.517245,50.140356],[14.517285,50.140423],[14.517486,50.140507],[14.51772,50.140528],[14.517779,50.140534],[14.517789,50.140531],[14.517935,50.140491],[14.51795,50.14046]]]}},{"type":"Feature","id":"beranovych-717-717","properties":{"id":"beranovych-717-717","label":"Beranových: Kopřivnická - Prachatická","street":"Beranových","mailboxes":28,"buildings":1,"placeholder":0},"geometry":{"type":"Polygon","coordinates":[[[14.518055,50.140549],[14.518431,50.140587],[14.518604,50.140552],[14.518619,50.140542],[14.518587,50.14048],[14.518587,50.140479],[14.518587,50.140478],[14.51868,50.140194],[14.518666,50.140181],[14.51856,50.140156],[14.518559,50.140156],[14.518558,50.140155],[14.518557,50.140155],[14.518437,50.14004],[14.51826,50.140012],[14.518111,50.140031],[14.517986,50.140124],[14.51796,50.14024],[14.517987,50.140288],[14.517988,50.140288],[14.517988,50.140289],[14.51796,50.140464],[14.518055,50.140549]]]}},{"type":"Feature","id":"bez-ulice","properties":{"id":"bez-ulice","label":"Bez ulice","street":"Bez ulice","mailboxes":56,"buildings":1,"placeholder":0},"geometry":{"type":"Polygon","coordinates":[[[14.510897,50.129231],[14.510877,50.129288],[14.510902,50.129346],[14.511586,50.129999],[14.511728,50.13005],[14.511863,50.130039],[14.512028,50.129952],[14.51205,50.129894],[14.512026,50.129836],[14.511321,50.129159],[14.511197,50.129117],[14.51107,50.129137],[14.510897,50.129231]]]}},{"type":"Feature","id":"bludovicka-396-400","properties":{"id":"bludovicka-396-400","label":"Bludovická: Rýmařovská - Dudkova","street":"Bludovická","mailboxes":73,"buildings":8,"placeholder":0},"geometry":{"type":"Polygon","coordinates":[[[14.509921,50.13696],[14.509922,50.137021],[14.510053,50.137037],[14.510054,50.137037],[14.510055,50.137037],[14.510055,50.137038],[14.510056,50.137038],[14.510142,50.137084],[14.510143,50.137085],[14.510144,50.137085],[14.510144,50.137086],[14.510177,50.137154],[14.510177,50.137155],[14.510177,50.137156],[14.510164,50.137195],[14.510906,50.137175],[14.511019,50.137105],[14.511022,50.137081],[14.510999,50.137063],[14.510999,50.137062],[14.510998,50.137062],[14.510998,50.137061],[14.510976,50.136947],[14.510976,50.136946],[14.510998,50.136887],[14.510998,50.136886],[14.510999,50.136886],[14.510999,50.136885],[14.511,50.136885],[14.511112,50.136823],[14.511113,50.136823],[14.511114,50.136822],[14.511115,50.136822],[14.511221,50.136817],[14.511152,50.136055],[14.511123,50.135997],[14.511045,50.135953],[14.510759,50.135951],[14.510632,50.136017],[14.510614,50.136078],[14.510681,50.136835],[14.510682,50.136836],[14.510681,50.136836],[14.510681,50.136837],[14.51068,50.136838],[14.510679,50.136838],[14.510678,50.136839],[14.510677,50.136839],[14.510676,50.136839],[14.510065,50.136853],[14.509951,50.136904],[14.509921,50.13696]]]}},{"type":"Feature","id":"bohuminska-388-390","properties":{"id":"bohuminska-388-390","label":"Bohumínská: Třinecká - Rýmařovská","street":"Bohumínská","mailboxes":21,"buildings":3,"placeholder":0},"geometry":{"type":"Polygon","coordinates":[[[14.50845,50.135188],[14.508463,50.135204],[14.508524,50.135271],[14.508613,50.135295],[14.509253,50.135349],[14.50935,50.135337],[14.509419,50.135299],[14.509476,50.13513],[14.5094,50.135035],[14.509311,50.135012],[14.50869,50.134959],[14.508566,50.134976],[14.508561,50.134976],[14.508482,50.13504],[14.50845,50.135188]]]}},{"type":"Feature","id":"bohuminska-526-526","properties":{"id":"bohuminska-526-526","label":"Bohumínská: Rýmařovská - Třinecká","street":"Bohumínská","mailboxes":140,"buildings":1,"placeholder":0},"geometry":{"type":"Polygon","coordinates":[[[14.510174,50.135241],[14.509855,50.135186],[14.509742,50.135202],[14.509694,50.135227],[14.509671,50.13524],[14.50954,50.135554],[14.50954,50.135555],[14.509539,50.135555],[14.509539,50.135556],[14.509538,50.135556],[14.509537,50.135557],[14.509536,50.135557],[14.509432,50.135586],[14.509371,50.135648],[14.509366,50.135741],[14.509445,50.135808],[14.509446,50.135809],[14.509446,50.13581],[14.509447,50.135811],[14.509443,50.135952],[14.509548,50.136011],[14.509854,50.136052],[14.509998,50.136003],[14.510231,50.135402],[14.510249,50.135357],[14.510237,50.135294],[14.510174,50.135241]]]}},{"type":"Feature","id":"boleticka","properties":{"id":"boleticka","label":"Boletická: Tvrdého - Beranových","street":"Boletická","mailboxes":18,"buildings":1,"placeholder":1},"geometry":{"type":"Polygon","coordinates":[[[14.511949,50.133495],[14.511928,50.133264],[14.511803,50.133204],[14.511528,50.1332],[14.511521,50.1332],[14.51141,50.133221],[14.511337,50.133284],[14.511326,50.133479],[14.511349,50.133538],[14.511407,50.133579],[14.511493,50.1336],[14.511538,50.133599],[14.511852,50.133587],[14.51192,50.133547],[14.511949,50.133495]]]}},{"type":"Feature","id":"boleticka-8fbf","properties":{"id":"boleticka-8fbf","label":"Boletická: Tvrdého - Beranových","street":"Boletická","mailboxes":2,"buildings":2,"placeholder":0},"geometry":{"type":"Polygon","coordinates":[[[14.512674,50.133883],[14.513048,50.133856],[14.513066,50.133847],[14.512996,50.133785],[14.512996,50.133784],[14.512995,50.133783],[14.512995,50.133782],[14.512998,50.13368],[14.512998,50.133679],[14.512999,50.133679],[14.512999,50.133678],[14.513,50.133678],[14.513119,50.133612],[14.512997,50.133557],[14.512647,50.133581],[14.512568,50.13362],[14.512533,50.133672],[14.512533,50.133673],[14.512534,50.133673],[14.512534,50.133674],[14.512574,50.1338],[14.512574,50.133801],[14.512564,50.133835],[14.512591,50.133857],[14.512674,50.133883]]]}},{"type":"Feature","id":"buchlovska","properties":{"id":"buchlovska","label":"Buchlovská: Broumovská - Hořická","street":"Buchlovská","mailboxes":11,"buildings":7,"placeholder":1},"geometry":{"type":"Polygon","coordinates":[[[14.509519,50.126701],[14.509519,50.1267],[14.509453,50.126589],[14.509452,50.126589],[14.509452,50.126588],[14.509449,50.126541],[14.509397,50.126479],[14.509396,50.126478],[14.509396,50.126477],[14.509396,50.126476],[14.509412,50.126434],[14.509356,50.12639],[14.509092,50.126374],[14.508975,50.1264],[14.508905,50.126474],[14.508897,50.126677],[14.508897,50.126678],[14.508896,50.126678],[14.508896,50.126679],[14.508895,50.126679],[14.508895,50.12668],[14.508894,50.12668],[14.508893,50.12668],[14.508892,50.12668],[14.508773,50.126697],[14.50856,50.126796],[14.508542,50.126834],[14.508731,50.126777],[14.508732,50.126776],[14.508733,50.126776],[14.508734,50.126776],[14.508735,50.126776],[14.508736,50.126777],[14.50888,50.126819],[14.508881,50.12682],[14.508882,50.12682],[14.508882,50.126821],[14.508983,50.126931],[14.508984,50.126932],[14.508984,50.126933],[14.508984,50.127013],[14.508984,50.127014],[14.508983,50.127015],[14.508823,50.127136],[14.508988,50.127289],[14.508989,50.127289],[14.509116,50.127329],[14.509288,50.127301],[14.509418,50.127199],[14.509419,50.127199],[14.509419,50.127198],[14.50942,50.127198],[14.509421,50.127198],[14.509422,50.127198],[14.509584,50.127195],[14.509763,50.127109],[14.509764,50.127102],[14.509746,50.127037],[14.509746,50.127036],[14.509758,50.126996],[14.509761,50.126989],[14.509519,50.126701]]]}},{"type":"Feature","id":"bukovecka-508-513","properties":{"id":"bukovecka-508-513","label":"Bukovecká x Tupolevova","street":"Bukovecká","mailboxes":170,"buildings":7,"placeholder":0},"geometry":{"type":"Polygon","coordinates":[[[14.507299,50.132274],[14.507368,50.132314],[14.508051,50.132442],[14.508058,50.132443],[14.508059,50.132443],[14.50806,50.132443],[14.508096,50.13245],[14.508097,50.13245],[14.508097,50.132451],[14.508098,50.132451],[14.508211,50.132508],[14.508947,50.132642],[14.509059,50.132637],[14.509072,50.132637],[14.509161,50.132587],[14.509228,50.132413],[14.509197,50.132358],[14.509166,50.132341],[14.509129,50.132319],[14.508402,50.132182],[14.508401,50.132182],[14.5084,50.132182],[14.508289,50.132128],[14.507521,50.131989],[14.507397,50.132008],[14.507318,50.132077],[14.507269,50.132222],[14.507299,50.132274]]]}},{"type":"Feature","id":"beloveska","properties":{"id":"beloveska","label":"Běloveská: Trutnovská - Choceňská","street":"Běloveská","mailboxes":8,"buildings":4,"placeholder":0},"geometry":{"type":"Polygon","coordinates":[[[14.506909,50.145569],[14.506832,50.145473],[14.506832,50.145472],[14.506831,50.145472],[14.506831,50.145471],[14.506831,50.14547],[14.506832,50.14547],[14.506832,50.145469],[14.5069,50.14539],[14.506883,50.14523],[14.506843,50.145176],[14.506766,50.14514],[14.506765,50.14514],[14.506764,50.145139],[14.506764,50.145138],[14.506763,50.145137],[14.506766,50.14503],[14.506699,50.144934],[14.506665,50.144925],[14.506559,50.144895],[14.506405,50.144905],[14.506325,50.144934],[14.506265,50.145012],[14.506317,50.145208],[14.506317,50.145209],[14.506289,50.145325],[14.506327,50.145409],[14.506382,50.145452],[14.506383,50.145453],[14.506383,50.145454],[14.506383,50.145455],[14.506383,50.145456],[14.506382,50.145456],[14.506315,50.145514],[14.506277,50.145607],[14.506291,50.145715],[14.506358,50.145769],[14.506358,50.14577],[14.506359,50.14577],[14.506359,50.145771],[14.506387,50.145865],[14.506449,50.145908],[14.50652,50.145923],[14.506568,50.145906],[14.506569,50.145905],[14.50657,50.145905],[14.506571,50.145905],[14.50676,50.145906],[14.50685,50.145848],[14.506865,50.145756],[14.506869,50.145732],[14.506869,50.145731],[14.506925,50.145644],[14.506909,50.145569]]]}},{"type":"Feature","id":"beloveska-97f6","properties":{"id":"beloveska-97f6","label":"Běloveská: Choceňská - Novosvětská","street":"Běloveská","mailboxes":7,"buildings":5,"placeholder":0},"geometry":{"type":"Polygon","coordinates":[[[14.506262,50.144814],[14.506363,50.144851],[14.506511,50.14485],[14.506512,50.14485],[14.506513,50.14485],[14.506514,50.144851],[14.506627,50.144901],[14.50669,50.144898],[14.506772,50.144894],[14.506828,50.144857],[14.506972,50.144762],[14.506951,50.144585],[14.506951,50.144584],[14.506951,50.144583],[14.506952,50.144583],[14.506952,50.144582],[14.506953,50.144582],[14.506953,50.144581],[14.506954,50.144581],[14.506955,50.144581],[14.507108,50.144555],[14.507159,50.144518],[14.507091,50.144395],[14.507091,50.144394],[14.507091,50.144393],[14.507103,50.144316],[14.507104,50.144315],[14.507105,50.144314],[14.507162,50.144274],[14.507144,50.144259],[14.507045,50.144238],[14.506397,50.144292],[14.506287,50.144374],[14.506308,50.144546],[14.506308,50.144547],[14.506307,50.144547],[14.506307,50.144548],[14.506306,50.144549],[14.506239,50.144587],[14.506207,50.144643],[14.506216,50.144753],[14.506262,50.144814]]]}},{"type":"Feature","id":"beloveska-75a9","properties":{"id":"beloveska-75a9","label":"Běloveská: Choceňská - Novosvětská","street":"Běloveská","mailboxes":5,"buildings":3,"placeholder":0},"geometry":{"type":"Polygon","coordinates":[[[14.507102,50.14457],[14.507083,50.14463],[14.507157,50.144776],[14.507404,50.14484],[14.507469,50.144832],[14.507548,50.14479],[14.507549,50.14479],[14.50755,50.14479],[14.507684,50.144769],[14.507743,50.144745],[14.507802,50.144643],[14.507758,50.144522],[14.507654,50.144465],[14.507653,50.144465],[14.507653,50.144464],[14.507652,50.144464],[14.507652,50.144463],[14.507652,50.144462],[14.507652,50.144461],[14.507728,50.144349],[14.507648,50.144181],[14.507523,50.144141],[14.50733,50.144166],[14.507173,50.144276],[14.507114,50.144318],[14.507102,50.144393],[14.507171,50.144518],[14.507171,50.144519],[14.507171,50.14452],[14.50717,50.144521],[14.50717,50.144522],[14.507116,50.144561],[14.507102,50.14457]]]}},{"type":"Feature","id":"breznicka","properties":{"id":"breznicka","label":"Březnická: Jančova - Kladrubská","street":"Březnická","mailboxes":14,"buildings":10,"placeholder":0},"geometry":{"type":"Polygon","coordinates":[[[14.510433,50.13981],[14.510351,50.139835],[14.510279,50.139858],[14.510076,50.140054],[14.510075,50.140055],[14.510074,50.140055],[14.510002,50.140088],[14.509616,50.140396],[14.5096,50.140455],[14.509625,50.140507],[14.50982,50.14061],[14.509972,50.140615],[14.509973,50.140615],[14.509974,50.140616],[14.509975,50.140616],[14.509976,50.140616],[14.509976,50.140617],[14.509977,50.140617],[14.510042,50.1407],[14.510154,50.140751],[14.510251,50.140764],[14.510348,50.140742],[14.510454,50.140662],[14.510455,50.140662],[14.510455,50.140661],[14.510573,50.140623],[14.510751,50.140467],[14.510784,50.140386],[14.510784,50.140385],[14.510785,50.140385],[14.510785,50.140384],[14.510786,50.140384],[14.510787,50.140384],[14.510787,50.140383],[14.510788,50.140383],[14.510789,50.140383],[14.51079,50.140383],[14.51091,50.14039],[14.511007,50.140354],[14.511132,50.140245],[14.511151,50.140183],[14.511123,50.140126],[14.511013,50.140034],[14.510826,50.139985],[14.51071,50.139985],[14.510709,50.139985],[14.510708,50.139985],[14.510707,50.139985],[14.510706,50.139984],[14.510705,50.139984],[14.510705,50.139983],[14.51062,50.139866],[14.510619,50.139865],[14.510524,50.139821],[14.510433,50.13981]]]}},{"type":"Feature","id":"chlebovicka","properties":{"id":"chlebovicka","label":"Chlebovická x Vratimovská","street":"Chlebovická","mailboxes":23,"buildings":1,"placeholder":0},"geometry":{"type":"Polygon","coordinates":[[[14.508764,50.133792],[14.508985,50.133838],[14.509084,50.133834],[14.509201,50.133761],[14.509259,50.133628],[14.509219,50.133665],[14.509218,50.133665],[14.509218,50.133666],[14.509217,50.133666],[14.509216,50.133666],[14.509215,50.133666],[14.509059,50.133693],[14.509058,50.133693],[14.509057,50.133693],[14.509056,50.133693],[14.508859,50.133656],[14.508858,50.133656],[14.508858,50.133655],[14.508782,50.133619],[14.508781,50.133618],[14.50878,50.133617],[14.508742,50.133539],[14.508687,50.133656],[14.50869,50.13373],[14.508764,50.133792]]]}},{"type":"Feature","id":"chlebovicka-494-495","properties":{"id":"chlebovicka-494-495","label":"Chlebovická: Příborská - Vratimovská","street":"Chlebovická","mailboxes":190,"buildings":11,"placeholder":0},"geometry":{"type":"Polygon","coordinates":[[[14.509057,50.133686],[14.509211,50.13366],[14.509268,50.133608],[14.509345,50.133436],[14.509346,50.133368],[14.509346,50.133367],[14.5096,50.13273],[14.509589,50.132662],[14.509589,50.132661],[14.509589,50.13266],[14.509706,50.132401],[14.509706,50.1324],[14.509707,50.1324],[14.509707,50.132399],[14.509795,50.132343],[14.509882,50.132151],[14.509878,50.13213],[14.509864,50.132071],[14.509773,50.132015],[14.509563,50.131975],[14.509442,50.131994],[14.50937,50.13205],[14.509306,50.132191],[14.509306,50.132192],[14.509305,50.132192],[14.509305,50.132193],[14.509216,50.132249],[14.509176,50.132337],[14.509205,50.132354],[14.509206,50.132354],[14.509206,50.132355],[14.509207,50.132355],[14.509239,50.132412],[14.509239,50.132413],[14.509239,50.132414],[14.509171,50.13259],[14.509171,50.132591],[14.50917,50.132591],[14.50917,50.132592],[14.509169,50.132592],[14.509078,50.132643],[14.509077,50.132643],[14.509076,50.132643],[14.509076,50.132644],[14.509075,50.132644],[14.509065,50.132644],[14.509069,50.132669],[14.509069,50.13267],[14.509068,50.13267],[14.508748,50.133528],[14.50879,50.133614],[14.508864,50.133649],[14.509057,50.133686]]]}},{"type":"Feature","id":"chlebovicka-31ae","properties":{"id":"chlebovicka-31ae","label":"Chlebovická x Příborská","street":"Chlebovická","mailboxes":69,"buildings":3,"placeholder":0},"geometry":{"type":"Polygon","coordinates":[[[14.509975,50.131546],[14.509744,50.13151],[14.509603,50.131555],[14.509379,50.132032],[14.509435,50.131989],[14.509435,50.131988],[14.509436,50.131988],[14.509437,50.131988],[14.509561,50.131968],[14.509562,50.131968],[14.509563,50.131968],[14.509564,50.131968],[14.509777,50.132009],[14.509778,50.132009],[14.509779,50.132009],[14.509874,50.132067],[14.509875,50.132067],[14.509875,50.132068],[14.509875,50.132069],[14.509885,50.132113],[14.510089,50.131684],[14.51007,50.131602],[14.509975,50.131546]]]}},{"type":"Feature","id":"chlebovicka-5261","properties":{"id":"chlebovicka-5261","label":"Chlebovická x Vratimovská","street":"Chlebovická","mailboxes":88,"buildings":3,"placeholder":0},"geometry":{"type":"Polygon","coordinates":[[[14.509834,50.133682],[14.509899,50.133729],[14.510089,50.13376],[14.510241,50.133784],[14.510349,50.13377],[14.510427,50.133719],[14.5105,50.133613],[14.510501,50.133612],[14.510537,50.133434],[14.510538,50.133434],[14.510538,50.133433],[14.510539,50.133432],[14.51054,50.133432],[14.510541,50.133431],[14.510542,50.133431],[14.510645,50.133425],[14.510873,50.133353],[14.510913,50.133341],[14.510997,50.133151],[14.510958,50.133064],[14.510845,50.133019],[14.510701,50.133001],[14.510454,50.13301],[14.510323,50.133055],[14.510322,50.133056],[14.510321,50.133056],[14.51032,50.133056],[14.510122,50.133039],[14.509994,50.133098],[14.509815,50.133616],[14.509834,50.133682]]]}},{"type":"Feature","id":"chlebovicka-7f14","properties":{"id":"chlebovicka-7f14","label":"Chlebovická x Vratimovská","street":"Chlebovická","mailboxes":75,"buildings":1,"placeholder":0},"geometry":{"type":"Polygon","coordinates":[[[14.51061,50.134105],[14.510781,50.134076],[14.510869,50.134032],[14.510914,50.133945],[14.510915,50.133945],[14.510915,50.133944],[14.510916,50.133944],[14.511007,50.133883],[14.511032,50.133724],[14.510932,50.133656],[14.51062,50.133611],[14.510509,50.133618],[14.510437,50.133723],[14.510436,50.133723],[14.510436,50.133724],[14.510356,50.133776],[14.510355,50.133776],[14.510354,50.133776],[14.510353,50.133776],[14.510353,50.133777],[14.510242,50.133791],[14.510241,50.133791],[14.51024,50.133791],[14.510239,50.133791],[14.510091,50.133767],[14.510073,50.13381],[14.510078,50.13387],[14.510272,50.134038],[14.510351,50.134071],[14.51061,50.134105]]]}},{"type":"Feature","id":"chlebovicka-fb03","properties":{"id":"chlebovicka-fb03","label":"Chlebovická x Příborská","street":"Chlebovická","mailboxes":98,"buildings":3,"placeholder":0},"geometry":{"type":"Polygon","coordinates":[[[14.510714,50.131835],[14.510714,50.131836],[14.510714,50.131837],[14.510686,50.132045],[14.510718,50.132212],[14.510718,50.132213],[14.510718,50.132214],[14.510688,50.132314],[14.510742,50.132488],[14.510878,50.132553],[14.511255,50.13254],[14.511327,50.132497],[14.511356,50.132441],[14.51135,50.131615],[14.511324,50.131554],[14.511188,50.131493],[14.510806,50.13151],[14.510719,50.131583],[14.510686,50.131789],[14.510714,50.131835]]]}},{"type":"Feature","id":"chlebovicka-1aeb","properties":{"id":"chlebovicka-1aeb","label":"Chlebovická x Vratimovská","street":"Chlebovická","mailboxes":72,"buildings":2,"placeholder":0},"geometry":{"type":"Polygon","coordinates":[[[14.510937,50.133649],[14.510938,50.133649],[14.510939,50.13365],[14.511042,50.13372],[14.511043,50.133721],[14.511043,50.133722],[14.511044,50.133722],[14.511044,50.133723],[14.511022,50.133855],[14.511072,50.133866],[14.511443,50.133847],[14.511509,50.133806],[14.511537,50.133749],[14.511533,50.133606],[14.511492,50.133608],[14.511491,50.133608],[14.51149,50.133607],[14.511401,50.133585],[14.5114,50.133585],[14.511399,50.133585],[14.511399,50.133584],[14.51134,50.133542],[14.511339,50.133541],[14.511315,50.13348],[14.511314,50.13348],[14.511314,50.133479],[14.511326,50.133282],[14.511326,50.133281],[14.511327,50.133281],[14.511327,50.13328],[14.511402,50.133216],[14.511403,50.133216],[14.511403,50.133215],[14.511404,50.133215],[14.511405,50.133215],[14.511519,50.133192],[14.51152,50.133192],[14.511521,50.133192],[14.511522,50.133192],[14.51152,50.133107],[14.511495,50.133048],[14.511365,50.132988],[14.510999,50.132993],[14.510928,50.133044],[14.510966,50.133059],[14.510967,50.133059],[14.510967,50.13306],[14.510968,50.13306],[14.510968,50.133061],[14.511008,50.13315],[14.511008,50.133151],[14.511008,50.133152],[14.510923,50.133344],[14.510923,50.133345],[14.510922,50.133345],[14.510922,50.133346],[14.510921,50.133346],[14.51092,50.133346],[14.510881,50.133359],[14.510893,50.133509],[14.510893,50.13351],[14.510865,50.133612],[14.510874,50.13364],[14.510937,50.133649]]]}},{"type":"Feature","id":"chocenska","properties":{"id":"chocenska","label":"Choceňská: Žamberská - Trutnovská + Běloveská","street":"Choceňská","mailboxes":18,"buildings":13,"placeholder":0},"geometry":{"type":"Polygon","coordinates":[[[14.507886,50.146281],[14.507886,50.14628],[14.507885,50.14628],[14.507885,50.146279],[14.507886,50.146278],[14.507904,50.146243],[14.507886,50.146203],[14.507886,50.146202],[14.507886,50.146201],[14.507886,50.1462],[14.507926,50.146149],[14.507898,50.146045],[14.507851,50.145994],[14.507699,50.145958],[14.507438,50.146014],[14.507437,50.146014],[14.507436,50.146014],[14.507435,50.146014],[14.507434,50.146014],[14.507433,50.146014],[14.507432,50.146014],[14.507432,50.146013],[14.507431,50.146013],[14.507365,50.14594],[14.507245,50.145912],[14.507073,50.145931],[14.506926,50.145994],[14.506926,50.145995],[14.506925,50.145995],[14.506924,50.145995],[14.506923,50.145995],[14.506922,50.145995],[14.506921,50.145995],[14.50692,50.145995],[14.50692,50.145994],[14.506919,50.145994],[14.5068,50.145913],[14.506572,50.145912],[14.506523,50.14593],[14.506429,50.145965],[14.506383,50.146087],[14.506406,50.14618],[14.506503,50.14624],[14.506504,50.146241],[14.506504,50.146242],[14.506504,50.146243],[14.506504,50.146244],[14.506503,50.146245],[14.506418,50.146321],[14.506415,50.146421],[14.506448,50.14648],[14.50653,50.146525],[14.506531,50.146525],[14.506531,50.146526],[14.506532,50.146526],[14.506532,50.146527],[14.506532,50.146528],[14.506495,50.146632],[14.506574,50.146756],[14.506711,50.146789],[14.506937,50.146752],[14.507019,50.146672],[14.506997,50.146551],[14.506997,50.14655],[14.506997,50.146549],[14.506998,50.146549],[14.506998,50.146548],[14.506999,50.146548],[14.507,50.146547],[14.507001,50.146547],[14.507002,50.146547],[14.50709,50.146542],[14.507091,50.146542],[14.507092,50.146542],[14.507093,50.146542],[14.507094,50.146542],[14.507094,50.146543],[14.507095,50.146543],[14.507095,50.146544],[14.507096,50.146544],[14.507096,50.146545],[14.50714,50.146708],[14.50714,50.146709],[14.507139,50.14671],[14.507091,50.14678],[14.507106,50.14689],[14.507174,50.146966],[14.507174,50.146967],[14.507174,50.146968],[14.5072,50.147103],[14.507253,50.147153],[14.507336,50.147181],[14.507472,50.147185],[14.50764,50.14715],[14.507641,50.14715],[14.507642,50.14715],[14.507643,50.14715],[14.507644,50.14715],[14.507645,50.147151],[14.507646,50.147151],[14.507647,50.147152],[14.507704,50.147233],[14.507819,50.147269],[14.50809,50.147243],[14.508149,50.147222],[14.508178,50.147211],[14.508232,50.147137],[14.508226,50.147095],[14.508214,50.147015],[14.508186,50.146977],[14.508174,50.146961],[14.508097,50.146925],[14.508094,50.146924],[14.508093,50.146923],[14.508092,50.146923],[14.508092,50.146922],[14.508091,50.146922],[14.508091,50.146921],[14.50809,50.146915],[14.508065,50.146875],[14.507919,50.14682],[14.507918,50.146819],[14.507917,50.146819],[14.507917,50.146818],[14.507916,50.146818],[14.507916,50.146817],[14.507857,50.146669],[14.507857,50.146668],[14.507857,50.146667],[14.50789,50.146597],[14.507891,50.146596],[14.507892,50.146596],[14.507949,50.146566],[14.507939,50.146555],[14.507938,50.146555],[14.507938,50.146554],[14.507938,50.146553],[14.507938,50.146552],[14.507961,50.146499],[14.508005,50.146399],[14.507969,50.146327],[14.507934,50.146308],[14.507887,50.146282],[14.507886,50.146281]],[[14.507478,50.146317],[14.507479,50.146317],[14.507479,50.146318],[14.507479,50.146319],[14.507479,50.14632],[14.507478,50.14632],[14.507449,50.14635],[14.507449,50.146351],[14.507448,50.146351],[14.507447,50.146351],[14.507447,50.146352],[14.507446,50.146352],[14.507445,50.146352],[14.507444,50.146352],[14.507443,50.146352],[14.507442,50.146351],[14.507441,50.146351],[14.50744,50.14635],[14.507348,50.146254],[14.507348,50.146253],[14.507348,50.146252],[14.507348,50.146251],[14.507349,50.14625],[14.50735,50.14625],[14.507385,50.146234],[14.507385,50.146233],[14.507386,50.146233],[14.507387,50.146233],[14.507388,50.146233],[14.507389,50.146233],[14.50739,50.146233],[14.507391,50.146233],[14.507392,50.146234],[14.507393,50.146234],[14.507478,50.146316],[14.507478,50.146317]],[[14.506966,50.146262],[14.506966,50.146263],[14.506966,50.146264],[14.506965,50.146265],[14.506964,50.146266],[14.506963,50.146266],[14.506962,50.146267],[14.506935,50.146272],[14.506934,50.146272],[14.506933,50.146272],[14.506932,50.146272],[14.506931,50.146272],[14.50693,50.146272],[14.506929,50.146271],[14.506857,50.146223],[14.506856,50.146222],[14.506855,50.146221],[14.506855,50.14622],[14.506855,50.146219],[14.506856,50.146219],[14.506856,50.146218],[14.506857,50.146218],[14.506888,50.146199],[14.506889,50.146199],[14.50689,50.146198],[14.506891,50.146198],[14.506892,50.146198],[14.506893,50.146198],[14.506894,50.146198],[14.506895,50.146198],[14.506895,50.146199],[14.506896,50.146199],[14.506897,50.1462],[14.506965,50.146261],[14.506966,50.146262]]]}},{"type":"Feature","id":"chocenska-1a94","properties":{"id":"chocenska-1a94","label":"Choceňská: Běloveská - Trutnovská + Novosvětská","street":"Choceňská","mailboxes":11,"buildings":10,"placeholder":0},"geometry":{"type":"Polygon","coordinates":[[[14.50729,50.145867],[14.507291,50.145867],[14.507292,50.145867],[14.507293,50.145867],[14.507294,50.145867],[14.507427,50.145929],[14.507529,50.145944],[14.507699,50.14592],[14.507791,50.145853],[14.507791,50.145852],[14.507792,50.145852],[14.507793,50.145852],[14.507794,50.145852],[14.507794,50.145851],[14.507795,50.145851],[14.507796,50.145851],[14.507797,50.145852],[14.507798,50.145852],[14.507799,50.145852],[14.507872,50.145886],[14.507964,50.145894],[14.508133,50.145868],[14.508211,50.145829],[14.508245,50.145727],[14.50809,50.145357],[14.508056,50.145192],[14.507988,50.145123],[14.507988,50.145122],[14.507987,50.145122],[14.507987,50.145121],[14.507988,50.14512],[14.508012,50.145046],[14.50795,50.144863],[14.507879,50.144793],[14.507724,50.14477],[14.507687,50.144776],[14.507554,50.144796],[14.507469,50.144841],[14.507438,50.144922],[14.507518,50.145137],[14.507518,50.145138],[14.507517,50.145139],[14.507517,50.14514],[14.507516,50.14514],[14.507515,50.145141],[14.507514,50.145141],[14.507513,50.145141],[14.507512,50.145141],[14.507511,50.145141],[14.507405,50.145132],[14.507216,50.145166],[14.507215,50.145166],[14.507214,50.145166],[14.507213,50.145166],[14.507212,50.145166],[14.507212,50.145165],[14.507211,50.145165],[14.50721,50.145165],[14.50721,50.145164],[14.507167,50.145114],[14.507167,50.145113],[14.507166,50.145112],[14.507167,50.145112],[14.507182,50.145052],[14.507141,50.144919],[14.507077,50.144871],[14.506979,50.144849],[14.506835,50.144863],[14.506779,50.1449],[14.506778,50.144901],[14.506777,50.144901],[14.506776,50.144901],[14.506776,50.144902],[14.506775,50.144902],[14.506692,50.144905],[14.506678,50.144912],[14.506674,50.144919],[14.506705,50.144928],[14.506706,50.144928],[14.506707,50.144929],[14.506708,50.144929],[14.506708,50.14493],[14.506776,50.145028],[14.506777,50.145028],[14.506777,50.145029],[14.506775,50.145136],[14.506851,50.145171],[14.506851,50.145172],[14.506852,50.145172],[14.506852,50.145173],[14.506893,50.145228],[14.506894,50.145228],[14.506894,50.145229],[14.506911,50.14539],[14.506911,50.145391],[14.506911,50.145392],[14.506843,50.145471],[14.50692,50.145567],[14.50692,50.145568],[14.506936,50.145644],[14.506936,50.145645],[14.506936,50.145646],[14.50688,50.145733],[14.506876,50.145756],[14.506883,50.145768],[14.50699,50.14587],[14.507102,50.145894],[14.50729,50.145867]],[[14.507639,50.145573],[14.507639,50.145574],[14.507639,50.145575],[14.507639,50.145576],[14.507638,50.145576],[14.507637,50.145577],[14.507636,50.145577],[14.507635,50.145577],[14.507333,50.145604],[14.507332,50.145604],[14.507331,50.145604],[14.50733,50.145604],[14.507329,50.145604],[14.507328,50.145604],[14.507328,50.145603],[14.507327,50.145603],[14.507327,50.145602],[14.507327,50.145601],[14.507295,50.145462],[14.507295,50.145461],[14.507295,50.14546],[14.507296,50.14546],[14.507296,50.145459],[14.507297,50.145459],[14.507298,50.145458],[14.507299,50.145458],[14.5073,50.145458],[14.507555,50.145441],[14.507648,50.145408],[14.507649,50.145408],[14.50765,50.145408],[14.507651,50.145408],[14.507652,50.145408],[14.507653,50.145408],[14.507654,50.145408],[14.507654,50.145409],[14.507655,50.145409],[14.507655,50.14541],[14.507656,50.14541],[14.507656,50.145411],[14.507656,50.145412],[14.507624,50.145499],[14.507639,50.145573]]]}},{"type":"Feature","id":"chotesovska-7-7","properties":{"id":"chotesovska-7-7","label":"Chotěšovská x Terezínská","street":"Chotěšovská","mailboxes":61,"buildings":1,"placeholder":0},"geometry":{"type":"Polygon","coordinates":[[[14.500737,50.129418],[14.500894,50.129415],[14.500966,50.129376],[14.501397,50.128974],[14.501423,50.128917],[14.501418,50.128904],[14.501383,50.128914],[14.501382,50.128915],[14.501381,50.128915],[14.50138,50.128915],[14.501263,50.128898],[14.501262,50.128898],[14.501261,50.128898],[14.501261,50.128897],[14.501013,50.12878],[14.501012,50.128779],[14.501011,50.128778],[14.500976,50.128726],[14.500881,50.128827],[14.50088,50.128828],[14.500879,50.128828],[14.500878,50.128829],[14.500779,50.128852],[14.50045,50.129157],[14.500427,50.129238],[14.50049,50.129311],[14.500737,50.129418]]]}},{"type":"Feature","id":"chotesovska-5-5","properties":{"id":"chotesovska-5-5","label":"Chotěšovská x Terezínská","street":"Chotěšovská","mailboxes":51,"buildings":1,"placeholder":0},"geometry":{"type":"Polygon","coordinates":[[[14.5014,50.128287],[14.5014,50.128288],[14.5014,50.128289],[14.501379,50.128366],[14.501379,50.128367],[14.501378,50.128367],[14.501378,50.128368],[14.501159,50.128572],[14.501159,50.128573],[14.501158,50.128573],[14.501157,50.128574],[14.501053,50.128613],[14.501038,50.128618],[14.500993,50.128661],[14.500985,50.128713],[14.500985,50.128716],[14.500985,50.12872],[14.501021,50.128774],[14.501266,50.128891],[14.50138,50.128907],[14.50142,50.128895],[14.501497,50.128872],[14.501667,50.128714],[14.501664,50.128709],[14.501663,50.128709],[14.501663,50.128708],[14.501663,50.128707],[14.501689,50.128632],[14.501689,50.128631],[14.501689,50.12863],[14.501884,50.12845],[14.501751,50.128432],[14.50175,50.128432],[14.501749,50.128432],[14.501531,50.128332],[14.50153,50.128332],[14.50153,50.128331],[14.501529,50.128331],[14.501476,50.128267],[14.501475,50.128266],[14.501475,50.128265],[14.501478,50.128251],[14.501409,50.128274],[14.501398,50.128284],[14.5014,50.128286],[14.5014,50.128287]]]}},{"type":"Feature","id":"chotesovska-6-6","properties":{"id":"chotesovska-6-6","label":"Chotěšovská x Terezínská","street":"Chotěšovská","mailboxes":27,"buildings":1,"placeholder":0},"geometry":{"type":"Polygon","coordinates":[[[14.502016,50.128394],[14.501927,50.128424],[14.501898,50.12845],[14.501699,50.128634],[14.501674,50.128707],[14.501725,50.128779],[14.501965,50.128889],[14.502074,50.128903],[14.502212,50.128851],[14.502426,50.128651],[14.50245,50.128581],[14.502451,50.128577],[14.502371,50.128489],[14.50216,50.128396],[14.502051,50.128382],[14.502046,50.128384],[14.502016,50.128394]]]}},{"type":"Feature","id":"chotesovska","properties":{"id":"chotesovska","label":"Chotěšovská x Terezínská","street":"Chotěšovská","mailboxes":78,"buildings":3,"placeholder":0},"geometry":{"type":"MultiPolygon","coordinates":[[[[14.502545,50.127704],[14.502361,50.127626],[14.502303,50.127623],[14.502234,50.127671],[14.502233,50.127671],[14.502232,50.127671],[14.502231,50.127672],[14.50223,50.127672],[14.502117,50.127679],[14.502116,50.127679],[14.502115,50.127679],[14.50211,50.127678],[14.502058,50.12771],[14.502057,50.127711],[14.502056,50.127711],[14.502055,50.127711],[14.502054,50.127711],[14.502053,50.127711],[14.502138,50.12773],[14.502139,50.127731],[14.50214,50.127731],[14.502141,50.127732],[14.502188,50.127793],[14.502195,50.127787],[14.502195,50.127786],[14.502196,50.127786],[14.502197,50.127785],[14.502339,50.127742],[14.50234,50.127742],[14.502341,50.127741],[14.502342,50.127741],[14.502343,50.127741],[14.502603,50.127769],[14.5026,50.127753],[14.502545,50.127704]]],[[[14.502023,50.128321],[14.502024,50.128321],[14.502024,50.12832],[14.502264,50.128096],[14.502127,50.128065],[14.502126,50.128065],[14.502125,50.128064],[14.502124,50.128064],[14.502124,50.128063],[14.502103,50.128041],[14.501981,50.12807],[14.50198,50.128071],[14.501979,50.128071],[14.501978,50.128071],[14.501729,50.128043],[14.501488,50.128266],[14.501539,50.128327],[14.501754,50.128426],[14.501891,50.128444],[14.501918,50.128419],[14.501918,50.128418],[14.501919,50.128418],[14.50192,50.128418],[14.502008,50.128389],[14.502023,50.128321]]]]}},{"type":"Feature","id":"chotesovska-ee4b","properties":{"id":"chotesovska-ee4b","label":"Chotěšovská x Terezínská","street":"Chotěšovská","mailboxes":120,"buildings":5,"placeholder":0},"geometry":{"type":"Polygon","coordinates":[[[14.50211,50.128035],[14.502132,50.128059],[14.502274,50.12809],[14.502275,50.12809],[14.502275,50.128091],[14.502276,50.128091],[14.502277,50.128091],[14.502277,50.128092],[14.502278,50.128092],[14.502278,50.128093],[14.502278,50.128094],[14.502278,50.128095],[14.502277,50.128095],[14.502277,50.128096],[14.502034,50.128323],[14.50202,50.128385],[14.502041,50.128378],[14.502048,50.128375],[14.502049,50.128375],[14.50205,50.128375],[14.502051,50.128375],[14.502052,50.128375],[14.502163,50.128389],[14.502164,50.128389],[14.502165,50.12839],[14.502378,50.128483],[14.502378,50.128484],[14.502379,50.128484],[14.50238,50.128485],[14.502461,50.128575],[14.502542,50.128544],[14.502933,50.12818],[14.502934,50.12818],[14.502935,50.128179],[14.502936,50.128179],[14.502937,50.128179],[14.502938,50.128179],[14.502939,50.128179],[14.503233,50.128211],[14.503362,50.128176],[14.503412,50.128121],[14.503446,50.127955],[14.503376,50.127882],[14.503236,50.127851],[14.503235,50.127851],[14.503234,50.127851],[14.503234,50.12785],[14.503233,50.12785],[14.503151,50.12776],[14.502965,50.12768],[14.50285,50.127671],[14.502782,50.127693],[14.502758,50.1277],[14.502662,50.127781],[14.502661,50.127782],[14.50266,50.127782],[14.502659,50.127782],[14.502658,50.127782],[14.502658,50.127783],[14.502657,50.127783],[14.502657,50.127782],[14.502342,50.127749],[14.502203,50.127791],[14.502191,50.127802],[14.502076,50.127913],[14.502063,50.127984],[14.50211,50.128035]]]}},{"type":"Feature","id":"djacukova","properties":{"id":"djacukova","label":"Djačukova: Úlehlova - Škarvadova + Horalova","street":"Djačukova","mailboxes":22,"buildings":22,"placeholder":0},"geometry":{"type":"Polygon","coordinates":[[[14.525116,50.1432],[14.525026,50.143212],[14.524843,50.143315],[14.524811,50.143422],[14.524811,50.143423],[14.52481,50.143423],[14.524809,50.143424],[14.524808,50.143424],[14.524807,50.143424],[14.5247,50.143447],[14.524643,50.143481],[14.524532,50.143548],[14.524502,50.143616],[14.524515,50.143633],[14.524624,50.143788],[14.524766,50.143829],[14.524767,50.143829],[14.524768,50.143829],[14.524768,50.14383],[14.525214,50.144142],[14.525377,50.144144],[14.525562,50.144044],[14.525563,50.144044],[14.525564,50.144043],[14.525565,50.144043],[14.525566,50.144043],[14.525567,50.144043],[14.525567,50.144044],[14.525568,50.144044],[14.525569,50.144044],[14.525795,50.144198],[14.525888,50.144208],[14.525973,50.144216],[14.526063,50.144204],[14.526247,50.1441],[14.526268,50.143996],[14.525754,50.143626],[14.525753,50.143625],[14.525753,50.143624],[14.525753,50.143623],[14.525754,50.143623],[14.525754,50.143622],[14.525755,50.143621],[14.525756,50.143621],[14.525757,50.143621],[14.52592,50.143591],[14.526178,50.143445],[14.526229,50.143359],[14.526229,50.143358],[14.52623,50.143358],[14.526231,50.143357],[14.526232,50.143357],[14.526233,50.143357],[14.526352,50.143344],[14.526459,50.143289],[14.52654,50.143156],[14.526534,50.143124],[14.526525,50.143081],[14.526362,50.142962],[14.526274,50.142945],[14.526217,50.142951],[14.526189,50.142954],[14.525588,50.143287],[14.525437,50.143371],[14.525436,50.143371],[14.525436,50.143372],[14.525435,50.143372],[14.525434,50.143372],[14.525433,50.143372],[14.525432,50.143372],[14.525431,50.143371],[14.52543,50.143371],[14.525204,50.143217],[14.525116,50.1432]]]}},{"type":"Feature","id":"dobraticka-520-524","properties":{"id":"dobraticka-520-524","label":"Dobratická x Tupolevova","street":"Dobratická","mailboxes":99,"buildings":7,"placeholder":0},"geometry":{"type":"Polygon","coordinates":[[[14.509655,50.131358],[14.509747,50.131348],[14.509762,50.131342],[14.509903,50.13129],[14.509982,50.131174],[14.509937,50.131087],[14.509785,50.131025],[14.509745,50.131018],[14.509078,50.130894],[14.509077,50.130894],[14.509076,50.130894],[14.50896,50.130839],[14.508454,50.130747],[14.508356,50.130751],[14.508241,50.130819],[14.508185,50.130941],[14.508191,50.131001],[14.508282,50.131071],[14.508773,50.131163],[14.508774,50.131164],[14.508775,50.131164],[14.508883,50.131216],[14.509655,50.131358]]]}},{"type":"Feature","id":"dudkova","properties":{"id":"dudkova","label":"Dudkova: Bludovická - Tvrdého","street":"Dudkova","mailboxes":10,"buildings":7,"placeholder":0},"geometry":{"type":"Polygon","coordinates":[[[14.512564,50.136803],[14.512481,50.136754],[14.51248,50.136754],[14.51248,50.136753],[14.512459,50.136726],[14.512421,50.136678],[14.512305,50.136636],[14.512138,50.136654],[14.512047,50.136717],[14.512046,50.136717],[14.512045,50.136718],[14.512044,50.136718],[14.512043,50.136718],[14.511829,50.136728],[14.511715,50.136775],[14.511715,50.136776],[14.511714,50.136776],[14.511713,50.136776],[14.511491,50.136788],[14.511385,50.136816],[14.511385,50.136817],[14.511384,50.136817],[14.511383,50.136817],[14.511227,50.136824],[14.511118,50.136829],[14.511008,50.13689],[14.510987,50.136947],[14.511009,50.137059],[14.511107,50.137139],[14.511218,50.137152],[14.512452,50.137049],[14.51253,50.137022],[14.51255,50.137015],[14.5126,50.136952],[14.512564,50.136803]]]}},{"type":"Feature","id":"dudkova-98-530","properties":{"id":"dudkova-98-530","label":"Dudkova: Tvrdého - Bechyňská","street":"Dudkova","mailboxes":26,"buildings":16,"placeholder":1},"geometry":{"type":"Polygon","coordinates":[[[14.51249,50.136749],[14.512573,50.136798],[14.512573,50.136799],[14.512574,50.136799],[14.512574,50.1368],[14.512575,50.1368],[14.512612,50.136952],[14.512612,50.136953],[14.512611,50.136954],[14.512559,50.137019],[14.512558,50.13702],[14.512557,50.13702],[14.512557,50.137021],[14.512546,50.137024],[14.512596,50.137036],[14.512781,50.137021],[14.512863,50.136993],[14.512917,50.136938],[14.512918,50.136938],[14.512918,50.136937],[14.512919,50.136937],[14.51292,50.136937],[14.512921,50.136937],[14.512922,50.136937],[14.512923,50.136937],[14.512924,50.136937],[14.512925,50.136937],[14.512948,50.136949],[14.512949,50.136949],[14.51295,50.13695],[14.51295,50.136951],[14.512951,50.136951],[14.512951,50.136952],[14.51295,50.136952],[14.51295,50.136953],[14.512884,50.137069],[14.512972,50.137226],[14.513039,50.13725],[14.513093,50.137206],[14.513094,50.137205],[14.513095,50.137205],[14.513096,50.137205],[14.513294,50.137173],[14.513295,50.137173],[14.513296,50.137173],[14.513297,50.137173],[14.513298,50.137173],[14.513431,50.137218],[14.513432,50.137218],[14.513432,50.137219],[14.513433,50.137219],[14.513433,50.13722],[14.513434,50.13722],[14.513498,50.137328],[14.513612,50.137316],[14.513714,50.137232],[14.513715,50.137232],[14.513716,50.137231],[14.513717,50.137231],[14.513759,50.137224],[14.51389,50.137203],[14.51389,50.137202],[14.513891,50.137202],[14.513892,50.137202],[14.513893,50.137203],[14.513894,50.137203],[14.513895,50.137203],[14.513896,50.137204],[14.513966,50.137256],[14.514059,50.137276],[14.514258,50.13726],[14.514272,50.137254],[14.514294,50.137244],[14.514351,50.13722],[14.514479,50.137108],[14.514499,50.137046],[14.514457,50.136917],[14.514323,50.136858],[14.514322,50.136858],[14.514322,50.136857],[14.514321,50.136857],[14.514321,50.136856],[14.514321,50.136855],[14.514321,50.136854],[14.514321,50.136853],[14.514322,50.136853],[14.514323,50.136852],[14.514436,50.136806],[14.514446,50.136801],[14.514449,50.136794],[14.514469,50.136734],[14.514478,50.136709],[14.514474,50.136704],[14.51443,50.136647],[14.514195,50.136516],[14.51405,50.136486],[14.513953,50.136511],[14.513894,50.136559],[14.513893,50.13656],[14.513892,50.13656],[14.513891,50.13656],[14.51389,50.13656],[14.513889,50.13656],[14.51379,50.136547],[14.513531,50.136577],[14.51353,50.136577],[14.513529,50.136577],[14.513528,50.136577],[14.513436,50.136556],[14.513309,50.136564],[14.513308,50.136564],[14.513307,50.136564],[14.513306,50.136563],[14.513305,50.136563],[14.513304,50.136562],[14.513228,50.136437],[14.513227,50.136437],[14.513227,50.136436],[14.513227,50.136435],[14.513228,50.136435],[14.513281,50.136362],[14.513259,50.136256],[14.5132,50.13621],[14.513135,50.136192],[14.513091,50.13618],[14.51309,50.136179],[14.513089,50.136179],[14.513089,50.136178],[14.513088,50.136178],[14.513022,50.136067],[14.51289,50.136019],[14.512676,50.136043],[14.512588,50.136087],[14.512574,50.136116],[14.512554,50.136159],[14.512782,50.136692],[14.512782,50.136693],[14.512782,50.136694],[14.512781,50.136694],[14.512781,50.136695],[14.51278,50.136695],[14.512779,50.136696],[14.512778,50.136696],[14.512777,50.136696],[14.512776,50.136696],[14.512536,50.136694],[14.512471,50.136726],[14.51249,50.136749]],[[14.514133,50.136868],[14.514132,50.136868],[14.514131,50.136868],[14.51413,50.136868],[14.514112,50.136859],[14.514111,50.136859],[14.514111,50.136858],[14.51411,50.136858],[14.51411,50.136857],[14.51411,50.136856],[14.51411,50.136855],[14.514111,50.136855],[14.514111,50.136854],[14.514112,50.136854],[14.514113,50.136853],[14.514114,50.136853],[14.514115,50.136853],[14.514117,50.136853],[14.514162,50.136853],[14.514235,50.136853],[14.514236,50.136853],[14.514237,50.136854],[14.514238,50.136854],[14.514239,50.136854],[14.514239,50.136855],[14.51424,50.136855],[14.51424,50.136856],[14.514241,50.136857],[14.514241,50.136858],[14.51424,50.136858],[14.51424,50.136859],[14.514239,50.136859],[14.514239,50.13686],[14.514238,50.13686],[14.514237,50.13686],[14.514236,50.13686],[14.514236,50.136861],[14.514158,50.136867],[14.514134,50.136868],[14.514133,50.136868]]]}},{"type":"Feature","id":"frycovicka-456-461","properties":{"id":"frycovicka-456-461","label":"Fryčovická: Křivoklátská - Nýdecká","street":"Fryčovická","mailboxes":179,"buildings":6,"placeholder":0},"geometry":{"type":"Polygon","coordinates":[[[14.505399,50.138332],[14.505413,50.138411],[14.505504,50.13847],[14.506991,50.138705],[14.507058,50.138701],[14.507059,50.138701],[14.50706,50.138701],[14.507061,50.138702],[14.507166,50.138729],[14.507167,50.138729],[14.507167,50.13873],[14.507168,50.13873],[14.507172,50.138734],[14.507246,50.138746],[14.507361,50.138733],[14.507445,50.138676],[14.507499,50.138502],[14.507464,50.138447],[14.507393,50.13841],[14.505612,50.138132],[14.505465,50.138185],[14.505399,50.138332]]]}},{"type":"Feature","id":"frydecka-403-441","properties":{"id":"frydecka-403-441","label":"Frýdecká: Vítkovická - Šumperská","street":"Frýdecká","mailboxes":179,"buildings":5,"placeholder":1},"geometry":{"type":"Polygon","coordinates":[[[14.507646,50.137883],[14.507645,50.137886],[14.507611,50.138018],[14.507611,50.138019],[14.50761,50.138019],[14.507609,50.13802],[14.507608,50.13802],[14.507507,50.138042],[14.507438,50.138098],[14.507377,50.138319],[14.507392,50.138377],[14.507515,50.138447],[14.50792,50.13848],[14.508001,50.138452],[14.50805,50.138406],[14.50811,50.138186],[14.50811,50.138185],[14.508111,50.138184],[14.508112,50.138184],[14.508112,50.138183],[14.508113,50.138183],[14.508114,50.138183],[14.508115,50.138183],[14.508116,50.138183],[14.50849,50.138216],[14.508491,50.138216],[14.508492,50.138216],[14.508617,50.138248],[14.509183,50.13825],[14.509286,50.138224],[14.509354,50.138143],[14.509359,50.138138],[14.509359,50.138132],[14.509359,50.13775],[14.509306,50.137687],[14.509207,50.137654],[14.509037,50.137654],[14.50901,50.137671],[14.50901,50.137672],[14.509009,50.137672],[14.509008,50.137672],[14.509007,50.137672],[14.509007,50.137673],[14.508906,50.13768],[14.508905,50.13768],[14.508904,50.13768],[14.508727,50.137653],[14.508585,50.137653],[14.508455,50.137716],[14.508432,50.137858],[14.508431,50.137858],[14.508431,50.137859],[14.50843,50.13786],[14.508429,50.13786],[14.508428,50.137861],[14.508427,50.137861],[14.508426,50.137861],[14.508425,50.137861],[14.507987,50.137819],[14.507838,50.137804],[14.50773,50.13782],[14.507646,50.137883]]]}},{"type":"Feature","id":"havirovska","properties":{"id":"havirovska","label":"Havířovská: Rýmařovská - Vratimovská","street":"Havířovská","mailboxes":171,"buildings":7,"placeholder":0},"geometry":{"type":"Polygon","coordinates":[[[14.508119,50.135659],[14.508268,50.135611],[14.508452,50.135206],[14.508439,50.135191],[14.508439,50.13519],[14.508438,50.13519],[14.508438,50.135189],[14.508438,50.135188],[14.508471,50.135038],[14.508471,50.135037],[14.508472,50.135037],[14.508472,50.135036],[14.508554,50.134971],[14.508554,50.13497],[14.508555,50.13497],[14.508556,50.13497],[14.508557,50.13497],[14.50856,50.134969],[14.508631,50.134813],[14.508607,50.134791],[14.508607,50.13479],[14.508606,50.13479],[14.508606,50.134789],[14.508624,50.134598],[14.508625,50.134597],[14.508625,50.134596],[14.508626,50.134596],[14.508741,50.134518],[14.508742,50.134517],[14.508743,50.134517],[14.508744,50.134517],[14.508766,50.134515],[14.508812,50.134414],[14.508799,50.134339],[14.508716,50.134282],[14.508461,50.134229],[14.508361,50.13425],[14.508299,50.134294],[14.507762,50.135528],[14.507837,50.135614],[14.508119,50.135659]]]}},{"type":"Feature","id":"hluckova","properties":{"id":"hluckova","label":"Hlučkova x Kadečkové","street":"Hlučkova","mailboxes":100,"buildings":1,"placeholder":0},"geometry":{"type":"Polygon","coordinates":[[[14.521694,50.142065],[14.52172,50.142053],[14.521763,50.141983],[14.521749,50.141891],[14.521713,50.141871],[14.521712,50.141871],[14.521712,50.14187],[14.521711,50.14187],[14.521711,50.141869],[14.521693,50.141809],[14.521693,50.141808],[14.521708,50.141738],[14.521675,50.141648],[14.521572,50.141525],[14.521495,50.14151],[14.521481,50.141519],[14.52148,50.14152],[14.521479,50.14152],[14.521478,50.141521],[14.521188,50.141558],[14.521187,50.141558],[14.521186,50.141558],[14.521113,50.141551],[14.521045,50.141591],[14.521019,50.141673],[14.521124,50.142015],[14.52121,50.142103],[14.521286,50.142117],[14.521359,50.142131],[14.521635,50.142092],[14.521694,50.142065]]]}},{"type":"Feature","id":"hluckova-3bd9","properties":{"id":"hluckova-3bd9","label":"Hlučkova x Kadečkové","street":"Hlučkova","mailboxes":100,"buildings":1,"placeholder":0},"geometry":{"type":"Polygon","coordinates":[[[14.521404,50.142667],[14.521552,50.142694],[14.521825,50.142655],[14.521911,50.142616],[14.521953,50.142546],[14.521929,50.142388],[14.521868,50.142212],[14.521762,50.142086],[14.521698,50.142072],[14.52164,50.142098],[14.521639,50.142098],[14.521638,50.142098],[14.52136,50.142138],[14.521359,50.142138],[14.521358,50.142138],[14.521286,50.142125],[14.52124,50.14215],[14.521209,50.142234],[14.521314,50.142576],[14.521404,50.142667]]]}},{"type":"Feature","id":"hluckova-dae2","properties":{"id":"hluckova-dae2","label":"Hlučkova x Kadečkové","street":"Hlučkova","mailboxes":38,"buildings":1,"placeholder":0},"geometry":{"type":"Polygon","coordinates":[[[14.521828,50.142662],[14.521484,50.142712],[14.521383,50.142778],[14.521373,50.14285],[14.521518,50.143277],[14.521628,50.143355],[14.521726,50.143363],[14.522039,50.14332],[14.52216,50.14325],[14.522141,50.143017],[14.522028,50.142748],[14.521952,50.142682],[14.521828,50.142662]]]}},{"type":"Feature","id":"hluckova-7324","properties":{"id":"hluckova-7324","label":"Hlučkova x Kadečkové","street":"Hlučkova","mailboxes":269,"buildings":1,"placeholder":0},"geometry":{"type":"Polygon","coordinates":[[[14.522324,50.141509],[14.521951,50.141476],[14.521861,50.141487],[14.521754,50.141572],[14.521704,50.141808],[14.521722,50.141866],[14.521836,50.141931],[14.522174,50.141962],[14.522237,50.141945],[14.522238,50.141945],[14.522239,50.141945],[14.52224,50.141945],[14.522312,50.141951],[14.522332,50.141948],[14.52241,50.14189],[14.522467,50.14164],[14.522453,50.141581],[14.522324,50.141509]]]}},{"type":"Feature","id":"hluckova-0762","properties":{"id":"hluckova-0762","label":"Hlučkova x Kadečkové","street":"Hlučkova","mailboxes":269,"buildings":1,"placeholder":0},"geometry":{"type":"Polygon","coordinates":[[[14.52209,50.14203],[14.522033,50.142308],[14.522127,50.142394],[14.522588,50.142437],[14.522704,50.142395],[14.522747,50.142333],[14.522791,50.142082],[14.522754,50.142028],[14.522669,50.141988],[14.522311,50.141958],[14.52224,50.141952],[14.522177,50.141969],[14.522154,50.141976],[14.52209,50.14203]]]}},{"type":"Feature","id":"hluckova-415d","properties":{"id":"hluckova-415d","label":"Hlučkova x Kadečkové","street":"Hlučkova","mailboxes":59,"buildings":2,"placeholder":0},"geometry":{"type":"Polygon","coordinates":[[[14.522131,50.14262],[14.522023,50.142682],[14.522014,50.142724],[14.522038,50.142744],[14.522038,50.142745],[14.522038,50.142746],[14.522152,50.143016],[14.522167,50.143194],[14.522251,50.143263],[14.522375,50.143273],[14.522744,50.143205],[14.522808,50.143125],[14.522777,50.142972],[14.522777,50.142971],[14.522778,50.14297],[14.522779,50.14297],[14.522779,50.142969],[14.52278,50.142969],[14.522781,50.142969],[14.522782,50.142968],[14.522783,50.142968],[14.522784,50.142968],[14.522784,50.142969],[14.522785,50.142969],[14.522786,50.142969],[14.522787,50.142969],[14.522787,50.14297],[14.522788,50.14297],[14.522788,50.142971],[14.522858,50.143115],[14.522968,50.14317],[14.523177,50.143152],[14.523213,50.143149],[14.523239,50.143147],[14.523242,50.143145],[14.523347,50.143086],[14.523456,50.142799],[14.523341,50.142561],[14.523317,50.142537],[14.523291,50.142511],[14.523154,50.142478],[14.522791,50.142532],[14.522702,50.142597],[14.522706,50.142728],[14.522706,50.142729],[14.522705,50.14273],[14.522705,50.142731],[14.522704,50.142731],[14.522703,50.142731],[14.522702,50.142732],[14.522701,50.142732],[14.5227,50.142732],[14.522699,50.142732],[14.522698,50.142732],[14.522698,50.142731],[14.522697,50.142731],[14.522696,50.142731],[14.522696,50.14273],[14.522695,50.14273],[14.52262,50.142615],[14.522489,50.142574],[14.522131,50.14262]]]}},{"type":"Feature","id":"hluckova-de89","properties":{"id":"hluckova-de89","label":"Hlučkova x Kadečkové","street":"Hlučkova","mailboxes":269,"buildings":1,"placeholder":0},"geometry":{"type":"Polygon","coordinates":[[[14.523391,50.142352],[14.523482,50.142341],[14.523589,50.142256],[14.523639,50.142021],[14.523621,50.141963],[14.523495,50.141896],[14.52312,50.141862],[14.523032,50.141872],[14.522927,50.14195],[14.522876,50.142179],[14.522899,50.14226],[14.522996,50.142313],[14.523391,50.142352]]]}},{"type":"Feature","id":"hluckova-3521","properties":{"id":"hluckova-3521","label":"Hlučkova x Kadečkové","street":"Hlučkova","mailboxes":42,"buildings":2,"placeholder":0},"geometry":{"type":"Polygon","coordinates":[[[14.524008,50.143048],[14.524086,50.142998],[14.524102,50.142913],[14.52401,50.142918],[14.524009,50.142918],[14.524008,50.142918],[14.524007,50.142918],[14.523912,50.142888],[14.523911,50.142888],[14.52391,50.142887],[14.523773,50.142783],[14.523772,50.142782],[14.523682,50.142659],[14.523575,50.14257],[14.523574,50.14257],[14.523574,50.142569],[14.523574,50.142568],[14.523573,50.142568],[14.523574,50.142477],[14.523574,50.142476],[14.523575,50.142475],[14.523626,50.142427],[14.523627,50.142427],[14.523628,50.142426],[14.523641,50.142422],[14.523385,50.142467],[14.523327,50.142527],[14.523327,50.142533],[14.523351,50.142557],[14.523352,50.142557],[14.523352,50.142558],[14.523467,50.142798],[14.523467,50.142799],[14.523467,50.1428],[14.523357,50.143089],[14.523357,50.14309],[14.523356,50.14309],[14.523356,50.143091],[14.523355,50.143091],[14.523267,50.143141],[14.523391,50.143121],[14.523486,50.143046],[14.523486,50.143045],[14.523487,50.143045],[14.523488,50.143045],[14.523489,50.143045],[14.52349,50.143045],[14.523491,50.143045],[14.523492,50.143045],[14.523493,50.143045],[14.523494,50.143046],[14.523562,50.143085],[14.523652,50.1431],[14.524008,50.143048]]]}},{"type":"Feature","id":"hluckova-decb","properties":{"id":"hluckova-decb","label":"Hlučkova x Kadečkové","street":"Hlučkova","mailboxes":44,"buildings":2,"placeholder":0},"geometry":{"type":"Polygon","coordinates":[[[14.523918,50.142882],[14.524011,50.142911],[14.52411,50.142906],[14.524239,50.142852],[14.524354,50.14274],[14.524355,50.14274],[14.524356,50.14274],[14.524356,50.142739],[14.524357,50.142739],[14.524358,50.142739],[14.524359,50.142739],[14.52436,50.142739],[14.524361,50.142739],[14.524487,50.14276],[14.524604,50.142724],[14.524787,50.142545],[14.524798,50.142455],[14.524737,50.142396],[14.524405,50.142241],[14.524121,50.142145],[14.523999,50.142142],[14.523907,50.142182],[14.523718,50.142403],[14.523717,50.142403],[14.523717,50.142404],[14.523716,50.142404],[14.523715,50.142404],[14.523635,50.142432],[14.523585,50.142478],[14.523585,50.142566],[14.523691,50.142655],[14.523692,50.142655],[14.523782,50.142779],[14.523918,50.142882]]]}},{"type":"Feature","id":"horicka","properties":{"id":"horicka","label":"Hořická: Opočenská - Beranových","street":"Hořická","mailboxes":17,"buildings":13,"placeholder":0},"geometry":{"type":"Polygon","coordinates":[[[14.509421,50.127853],[14.509421,50.127852],[14.509422,50.127852],[14.509423,50.127852],[14.509424,50.127852],[14.509425,50.127852],[14.509426,50.127852],[14.509427,50.127852],[14.509427,50.127853],[14.509428,50.127853],[14.509429,50.127854],[14.509429,50.127855],[14.509508,50.128053],[14.509683,50.128148],[14.50976,50.128167],[14.509923,50.128146],[14.510048,50.12805],[14.510053,50.127963],[14.509964,50.127892],[14.509964,50.127891],[14.509963,50.127891],[14.509963,50.12789],[14.509963,50.127889],[14.509963,50.127888],[14.509997,50.127824],[14.509998,50.127824],[14.509998,50.127823],[14.509999,50.127823],[14.509999,50.127822],[14.51,50.127822],[14.510001,50.127822],[14.510002,50.127822],[14.510003,50.127822],[14.510004,50.127822],[14.510005,50.127822],[14.510006,50.127823],[14.510007,50.127823],[14.510007,50.127824],[14.5101,50.127928],[14.510235,50.127962],[14.510477,50.127922],[14.510565,50.127818],[14.510369,50.127261],[14.510242,50.127204],[14.510017,50.127221],[14.510016,50.127221],[14.510015,50.12722],[14.510014,50.12722],[14.510013,50.12722],[14.510013,50.127219],[14.510012,50.127219],[14.510012,50.127218],[14.510011,50.127218],[14.510011,50.127217],[14.51001,50.127212],[14.509939,50.127219],[14.509938,50.127219],[14.509937,50.127219],[14.509936,50.127219],[14.509935,50.127218],[14.509853,50.127188],[14.509852,50.127188],[14.509851,50.127187],[14.509768,50.127116],[14.509589,50.127202],[14.509588,50.127202],[14.509587,50.127202],[14.509586,50.127202],[14.509425,50.127205],[14.509296,50.127306],[14.509295,50.127307],[14.509294,50.127307],[14.509293,50.127307],[14.509293,50.127308],[14.509117,50.127337],[14.509116,50.127337],[14.509115,50.127337],[14.509114,50.127337],[14.509113,50.127336],[14.508987,50.127296],[14.508877,50.127345],[14.509058,50.127456],[14.509058,50.127457],[14.509059,50.127457],[14.509059,50.127458],[14.50906,50.127458],[14.50906,50.127459],[14.50906,50.127551],[14.50906,50.127552],[14.50906,50.127553],[14.509059,50.127553],[14.509059,50.127554],[14.508979,50.127621],[14.508998,50.127629],[14.508999,50.127629],[14.509,50.127629],[14.509,50.12763],[14.509,50.127631],[14.509001,50.127631],[14.509001,50.127632],[14.509,50.127633],[14.508973,50.127689],[14.508998,50.127795],[14.509166,50.127886],[14.509304,50.127901],[14.509421,50.127853]],[[14.509387,50.127567],[14.509386,50.127567],[14.509385,50.127567],[14.509384,50.127567],[14.509383,50.127567],[14.509382,50.127566],[14.509319,50.127536],[14.509318,50.127536],[14.509318,50.127535],[14.509317,50.127535],[14.509317,50.127534],[14.509316,50.127534],[14.509316,50.127533],[14.509317,50.127533],[14.509317,50.127532],[14.509317,50.127531],[14.509318,50.127531],[14.509319,50.12753],[14.509547,50.127452],[14.509547,50.127451],[14.509548,50.127451],[14.509549,50.127451],[14.50955,50.127451],[14.509551,50.127451],[14.509552,50.127451],[14.509553,50.127452],[14.509554,50.127452],[14.509554,50.127453],[14.509555,50.127453],[14.509555,50.127454],[14.509583,50.127507],[14.509584,50.127507],[14.509584,50.127508],[14.509584,50.127509],[14.509583,50.127509],[14.509583,50.12751],[14.509582,50.12751],[14.509581,50.127511],[14.50958,50.127511],[14.509388,50.127567],[14.509387,50.127567]]]}},{"type":"Feature","id":"hronovska-214-748","properties":{"id":"hronovska-214-748","label":"Hronovská x Prachatická + Velhartická","street":"Hronovská","mailboxes":15,"buildings":11,"placeholder":0},"geometry":{"type":"Polygon","coordinates":[[[14.513975,50.140346],[14.514722,50.140559],[14.514722,50.14056],[14.514723,50.14056],[14.514803,50.140612],[14.514803,50.140613],[14.514804,50.140613],[14.514804,50.140614],[14.514826,50.140678],[14.514826,50.140679],[14.514826,50.14068],[14.514815,50.140698],[14.514893,50.140729],[14.514945,50.14075],[14.515056,50.140752],[14.515141,50.140719],[14.515166,50.140698],[14.515171,50.140694],[14.515322,50.140568],[14.515249,50.140558],[14.515248,50.140558],[14.515248,50.140557],[14.515247,50.140557],[14.515024,50.140465],[14.515023,50.140465],[14.515023,50.140464],[14.515022,50.140464],[14.515022,50.140463],[14.514988,50.140406],[14.514988,50.140405],[14.514988,50.140404],[14.515003,50.14034],[14.515003,50.140339],[14.515004,50.140338],[14.515147,50.140212],[14.515148,50.140212],[14.515149,50.140212],[14.515149,50.140211],[14.51515,50.140211],[14.515151,50.140211],[14.515196,50.140207],[14.515199,50.140203],[14.515135,50.140098],[14.514977,50.140029],[14.514858,50.140021],[14.514857,50.140021],[14.514856,50.140021],[14.514856,50.14002],[14.514855,50.14002],[14.514854,50.14002],[14.514854,50.140019],[14.514772,50.139939],[14.514636,50.139882],[14.514519,50.139877],[14.514518,50.139877],[14.514517,50.139877],[14.514516,50.139877],[14.514516,50.139876],[14.514444,50.139824],[14.514402,50.139819],[14.514401,50.139819],[14.5144,50.139819],[14.514399,50.139818],[14.514332,50.139764],[14.514249,50.139739],[14.514069,50.139752],[14.513981,50.139784],[14.513958,50.139813],[14.513957,50.139813],[14.513957,50.139814],[14.513956,50.139814],[14.513955,50.139814],[14.513888,50.13983],[14.513848,50.13986],[14.513831,50.139921],[14.513831,50.139922],[14.51383,50.139922],[14.51383,50.139923],[14.513829,50.139923],[14.513828,50.139924],[14.513827,50.139924],[14.513675,50.139958],[14.513466,50.140142],[14.513445,50.140217],[14.513444,50.14022],[14.513505,50.140293],[14.513671,50.140366],[14.513792,50.140372],[14.513887,50.140335],[14.513896,50.140327],[14.514071,50.140171],[14.514072,50.140171],[14.514073,50.14017],[14.514074,50.14017],[14.514075,50.14017],[14.514076,50.14017],[14.514077,50.14017],[14.514078,50.14017],[14.514154,50.140188],[14.514155,50.140188],[14.514156,50.140188],[14.514156,50.140189],[14.514157,50.140189],[14.514157,50.14019],[14.514158,50.14019],[14.514158,50.140191],[14.514158,50.140192],[14.514157,50.140193],[14.514157,50.140194],[14.514156,50.140194],[14.514155,50.140194],[14.514066,50.140235],[14.513975,50.140346]],[[14.514243,50.14019],[14.514242,50.14019],[14.514241,50.140189],[14.51424,50.140189],[14.514239,50.140189],[14.514239,50.140188],[14.514238,50.140188],[14.514238,50.140187],[14.514238,50.140186],[14.514238,50.140185],[14.514238,50.140184],[14.514239,50.140184],[14.514239,50.140183],[14.51424,50.140183],[14.514241,50.140183],[14.514305,50.140161],[14.514306,50.140161],[14.514307,50.140161],[14.514308,50.140161],[14.514309,50.140161],[14.51431,50.140161],[14.514477,50.140221],[14.514478,50.140222],[14.514479,50.140222],[14.514479,50.140223],[14.51448,50.140223],[14.51448,50.140224],[14.51448,50.140225],[14.51448,50.140226],[14.514479,50.140226],[14.514479,50.140227],[14.514463,50.140238],[14.514462,50.140239],[14.514461,50.140239],[14.51446,50.140239],[14.514459,50.140239],[14.514458,50.140239],[14.514457,50.140239],[14.514456,50.140239],[14.514353,50.140192],[14.514243,50.14019]]]}},{"type":"Feature","id":"ivancicka","properties":{"id":"ivancicka","label":"Ivančická: Jančova - Malkovského","street":"Ivančická","mailboxes":65,"buildings":3,"placeholder":0},"geometry":{"type":"Polygon","coordinates":[[[14.510489,50.141802],[14.51049,50.141802],[14.51049,50.141803],[14.510491,50.141804],[14.510494,50.141856],[14.510522,50.141901],[14.510666,50.141957],[14.510974,50.141928],[14.511053,50.141863],[14.511073,50.141725],[14.511036,50.141626],[14.511036,50.141625],[14.511036,50.141624],[14.511063,50.141546],[14.511015,50.14147],[14.511014,50.141469],[14.511014,50.141468],[14.511015,50.141468],[14.511048,50.141383],[14.510971,50.141275],[14.510846,50.141219],[14.510787,50.141222],[14.510577,50.14123],[14.510471,50.14127],[14.510402,50.141415],[14.510404,50.141432],[14.510451,50.14177],[14.510489,50.141802]]]}},{"type":"Feature","id":"jablunkovska","properties":{"id":"jablunkovska","label":"Jablunkovská x Místecká","street":"Jablunkovská","mailboxes":16,"buildings":9,"placeholder":0},"geometry":{"type":"Polygon","coordinates":[[[14.50816,50.139659],[14.508405,50.139899],[14.508487,50.139938],[14.508488,50.139939],[14.508489,50.13994],[14.508577,50.140046],[14.50872,50.140101],[14.50887,50.140078],[14.50902,50.139958],[14.509022,50.139846],[14.509022,50.139845],[14.509022,50.139844],[14.509023,50.139844],[14.509023,50.139843],[14.509024,50.139843],[14.509025,50.139843],[14.509025,50.139842],[14.509026,50.139842],[14.509204,50.139816],[14.50931,50.139748],[14.509361,50.139669],[14.509328,50.139589],[14.509328,50.139588],[14.509328,50.139587],[14.509328,50.139586],[14.509329,50.139586],[14.509413,50.139507],[14.509408,50.139444],[14.509311,50.139313],[14.509311,50.139312],[14.509311,50.139311],[14.509305,50.139248],[14.509193,50.139052],[14.509092,50.139007],[14.508978,50.139009],[14.50877,50.139066],[14.508708,50.139167],[14.508707,50.139168],[14.508706,50.139168],[14.508706,50.139169],[14.508705,50.139169],[14.508704,50.139169],[14.508416,50.139214],[14.508351,50.139272],[14.508347,50.139343],[14.508347,50.139344],[14.508346,50.139344],[14.508346,50.139345],[14.508345,50.139345],[14.508345,50.139346],[14.508344,50.139346],[14.508343,50.139346],[14.508249,50.139368],[14.508099,50.139452],[14.508079,50.139523],[14.50816,50.139659]],[[14.508692,50.139537],[14.508691,50.139537],[14.508691,50.139536],[14.50869,50.139535],[14.50869,50.139534],[14.50869,50.139533],[14.508691,50.139533],[14.508691,50.139532],[14.508692,50.139532],[14.508692,50.139531],[14.508693,50.139531],[14.508857,50.139484],[14.508858,50.139484],[14.508859,50.139484],[14.50886,50.139484],[14.508861,50.139484],[14.508862,50.139484],[14.508863,50.139484],[14.508863,50.139485],[14.508864,50.139485],[14.508864,50.139486],[14.508865,50.139486],[14.508886,50.139533],[14.508886,50.139534],[14.508886,50.139535],[14.508885,50.139535],[14.508885,50.139536],[14.508821,50.139587],[14.50882,50.139587],[14.50882,50.139588],[14.508819,50.139588],[14.508818,50.139588],[14.508817,50.139588],[14.508816,50.139588],[14.508815,50.139588],[14.508814,50.139588],[14.508813,50.139588],[14.508693,50.139537],[14.508692,50.139537]]]}},{"type":"Feature","id":"jana-vlcka","properties":{"id":"jana-vlcka","label":"Jana Vlčka x Jana Mikuly","street":"Jana Vlčka","mailboxes":17,"buildings":17,"placeholder":0},"geometry":{"type":"Polygon","coordinates":[[[14.520842,50.139426],[14.520843,50.139426],[14.520843,50.139427],[14.520844,50.139427],[14.520844,50.139428],[14.520882,50.139535],[14.520882,50.139536],[14.520882,50.139537],[14.52081,50.13966],[14.520826,50.139664],[14.520912,50.139643],[14.520913,50.139643],[14.520914,50.139643],[14.520915,50.139643],[14.52159,50.139706],[14.521591,50.139706],[14.521592,50.139706],[14.521687,50.139745],[14.521767,50.139724],[14.52183,50.139671],[14.521888,50.139529],[14.521869,50.139455],[14.521869,50.139454],[14.521869,50.139453],[14.52187,50.139453],[14.52187,50.139452],[14.521944,50.139391],[14.521999,50.139222],[14.521951,50.139154],[14.521821,50.139103],[14.520981,50.139027],[14.520894,50.139049],[14.520833,50.139093],[14.520767,50.139299],[14.520826,50.139364],[14.520826,50.139365],[14.520826,50.139366],[14.520806,50.139413],[14.520842,50.139426]]]}},{"type":"Feature","id":"kadeckove","properties":{"id":"kadeckove","label":"Kadečkové: Štanderova - Hlučkova","street":"Kadečkové","mailboxes":21,"buildings":1,"placeholder":0},"geometry":{"type":"Polygon","coordinates":[[[14.522674,50.141372],[14.522674,50.141371],[14.522674,50.14137],[14.522698,50.141311],[14.522698,50.14131],[14.522874,50.141137],[14.522875,50.141136],[14.522876,50.141136],[14.523025,50.141087],[14.523026,50.141087],[14.523027,50.141087],[14.523028,50.141087],[14.523029,50.141087],[14.523105,50.1411],[14.522593,50.140887],[14.522429,50.140881],[14.522351,50.14092],[14.522186,50.141082],[14.522155,50.141161],[14.522214,50.141239],[14.522729,50.141454],[14.522674,50.141372]]]}},{"type":"Feature","id":"kadeckove-4cfa","properties":{"id":"kadeckove-4cfa","label":"Kadečkové: Štanderova - Hlučkova","street":"Kadečkové","mailboxes":44,"buildings":2,"placeholder":0},"geometry":{"type":"Polygon","coordinates":[[[14.523028,50.141094],[14.522883,50.141142],[14.522708,50.141313],[14.522685,50.141371],[14.522745,50.141461],[14.522752,50.141464],[14.523445,50.141754],[14.523708,50.141793],[14.523886,50.141742],[14.524016,50.141614],[14.524038,50.141552],[14.524013,50.141495],[14.523992,50.141481],[14.523953,50.141454],[14.523136,50.141113],[14.523028,50.141094]]]}},{"type":"Feature","id":"kadeckove-4bad","properties":{"id":"kadeckove-4bad","label":"Kadečkové: Hlučkova - Štanderova","street":"Kadečkové","mailboxes":22,"buildings":1,"placeholder":0},"geometry":{"type":"Polygon","coordinates":[[[14.52405,50.141551],[14.52405,50.141552],[14.52405,50.141553],[14.524027,50.141616],[14.524027,50.141617],[14.524026,50.141617],[14.523894,50.141747],[14.523893,50.141747],[14.523893,50.141748],[14.523892,50.141748],[14.523711,50.1418],[14.52371,50.1418],[14.523709,50.1418],[14.523708,50.1418],[14.523707,50.1418],[14.523574,50.14178],[14.523624,50.141829],[14.524093,50.142016],[14.524047,50.14195],[14.524047,50.141949],[14.524046,50.141949],[14.524046,50.141948],[14.524046,50.141947],[14.524071,50.141883],[14.524071,50.141882],[14.524241,50.141717],[14.524242,50.141717],[14.524242,50.141716],[14.524368,50.141663],[14.524369,50.141663],[14.52437,50.141663],[14.524371,50.141663],[14.524372,50.141663],[14.524471,50.141672],[14.524024,50.141494],[14.52405,50.141551]]]}},{"type":"Feature","id":"kadeckove-87a7","properties":{"id":"kadeckove-87a7","label":"Kadečkové: Hlučkova - Škarvadova","street":"Kadečkové","mailboxes":44,"buildings":2,"placeholder":0},"geometry":{"type":"Polygon","coordinates":[[[14.52494,50.142339],[14.525065,50.142284],[14.525232,50.142118],[14.525248,50.14204],[14.525163,50.141959],[14.524499,50.141682],[14.524372,50.14167],[14.524249,50.141722],[14.524081,50.141886],[14.524058,50.141948],[14.524111,50.142024],[14.524118,50.142034],[14.524813,50.142326],[14.52494,50.142339]]]}},{"type":"Feature","id":"kadeckove-e1cb","properties":{"id":"kadeckove-e1cb","label":"Kadečkové: Škarvadova - Horalova","street":"Kadečkové","mailboxes":17,"buildings":1,"placeholder":0},"geometry":{"type":"Polygon","coordinates":[[[14.525356,50.142417],[14.525464,50.142479],[14.5255,50.142475],[14.525501,50.142475],[14.525502,50.142475],[14.525503,50.142475],[14.525599,50.142495],[14.5256,50.142496],[14.525601,50.142496],[14.525602,50.142496],[14.525755,50.142591],[14.525756,50.142591],[14.525756,50.142592],[14.525757,50.142592],[14.525757,50.142593],[14.525772,50.142635],[14.525818,50.142638],[14.525904,50.142615],[14.526146,50.142438],[14.526156,50.142379],[14.526121,50.142324],[14.525753,50.142113],[14.525591,50.142123],[14.525364,50.142271],[14.525322,50.142341],[14.525356,50.142417]]]}},{"type":"Feature","id":"kadeckove-d382","properties":{"id":"kadeckove-d382","label":"Kadečkové: Škarvadova - Horalova","street":"Kadečkové","mailboxes":34,"buildings":2,"placeholder":0},"geometry":{"type":"Polygon","coordinates":[[[14.526218,50.142944],[14.526273,50.142938],[14.526274,50.142938],[14.526275,50.142938],[14.526276,50.142938],[14.526367,50.142956],[14.526368,50.142956],[14.526369,50.142957],[14.526535,50.143077],[14.526535,50.143078],[14.526536,50.143078],[14.526536,50.143079],[14.526545,50.143122],[14.526566,50.143137],[14.526656,50.143145],[14.526742,50.143126],[14.52704,50.142947],[14.527039,50.142843],[14.526867,50.142708],[14.526789,50.142674],[14.526678,50.142664],[14.526677,50.142664],[14.526676,50.142664],[14.526675,50.142663],[14.526344,50.142466],[14.526254,50.142454],[14.526165,50.142471],[14.525927,50.142629],[14.525903,50.142685],[14.525896,50.142702],[14.525941,50.142775],[14.526132,50.142892],[14.526218,50.142944]]]}},{"type":"Feature","id":"karla-dlouheho","properties":{"id":"karla-dlouheho","label":"Karla Dlouhého x Jana Mikuly","street":"Karla Dlouhého","mailboxes":13,"buildings":13,"placeholder":0},"geometry":{"type":"Polygon","coordinates":[[[14.521579,50.140286],[14.521633,50.140151],[14.521598,50.140074],[14.521598,50.140073],[14.521598,50.140072],[14.521598,50.140071],[14.521599,50.140071],[14.521599,50.14007],[14.521697,50.140002],[14.521754,50.139829],[14.521705,50.139761],[14.521587,50.139713],[14.520915,50.13965],[14.520827,50.139671],[14.520785,50.139703],[14.520784,50.139703],[14.52076,50.139816],[14.52076,50.139817],[14.520759,50.139817],[14.520759,50.139818],[14.520755,50.139821],[14.520752,50.139841],[14.520793,50.139999],[14.520783,50.140092],[14.520783,50.140093],[14.520783,50.140094],[14.520742,50.140149],[14.520742,50.14015],[14.520741,50.14015],[14.520672,50.140181],[14.520729,50.140277],[14.52074,50.14028],[14.520886,50.14032],[14.521111,50.140338],[14.52139,50.14036],[14.521506,50.140339],[14.521579,50.140286]]]}},{"type":"Feature","id":"kladrubska","properties":{"id":"kladrubska","label":"Kladrubská: Místecká - Letovská","street":"Kladrubská","mailboxes":63,"buildings":22,"placeholder":0},"geometry":{"type":"Polygon","coordinates":[[[14.510431,50.139803],[14.510431,50.139802],[14.510432,50.139802],[14.510433,50.139802],[14.510527,50.139814],[14.510528,50.139814],[14.510529,50.139814],[14.510529,50.139815],[14.510627,50.13986],[14.510628,50.13986],[14.51063,50.13986],[14.510789,50.139715],[14.51079,50.139715],[14.51079,50.139714],[14.510791,50.139714],[14.510792,50.139714],[14.510793,50.139714],[14.510794,50.139714],[14.510795,50.139714],[14.510796,50.139714],[14.510797,50.139715],[14.511032,50.139835],[14.51115,50.139854],[14.511151,50.139854],[14.511152,50.139854],[14.511152,50.139855],[14.511153,50.139855],[14.511207,50.139905],[14.511419,50.140007],[14.511508,50.140024],[14.511598,50.140013],[14.511599,50.140013],[14.5116,50.140013],[14.511601,50.140013],[14.511602,50.140013],[14.511603,50.140013],[14.511603,50.140014],[14.511604,50.140014],[14.511604,50.140015],[14.511605,50.140015],[14.511605,50.140016],[14.511621,50.140064],[14.511625,50.140076],[14.511685,50.140121],[14.511936,50.140187],[14.511994,50.140203],[14.511995,50.140203],[14.511996,50.140203],[14.511996,50.140204],[14.511997,50.140204],[14.511997,50.140205],[14.511997,50.140206],[14.511997,50.140207],[14.511997,50.140208],[14.511996,50.140208],[14.511951,50.140238],[14.511919,50.140259],[14.511885,50.140318],[14.511887,50.14033],[14.511901,50.1404],[14.511904,50.140419],[14.511951,50.140471],[14.51209,50.140514],[14.512235,50.14056],[14.51236,50.14056],[14.512361,50.14056],[14.512362,50.14056],[14.512363,50.14056],[14.512363,50.140561],[14.512364,50.140561],[14.512365,50.140561],[14.512383,50.140574],[14.512419,50.140564],[14.51242,50.140564],[14.512421,50.140564],[14.512422,50.140564],[14.512423,50.140564],[14.512555,50.140591],[14.512556,50.140591],[14.512557,50.140592],[14.512754,50.14069],[14.512786,50.140693],[14.512888,50.140656],[14.512887,50.140628],[14.512887,50.140627],[14.512888,50.140627],[14.512888,50.140626],[14.512941,50.140571],[14.512941,50.14057],[14.512942,50.14057],[14.512943,50.140569],[14.512963,50.140563],[14.512988,50.140531],[14.512985,50.14045],[14.512985,50.140449],[14.512985,50.140448],[14.512986,50.140448],[14.512986,50.140447],[14.512987,50.140447],[14.513157,50.140353],[14.513174,50.140248],[14.513078,50.140155],[14.51281,50.140079],[14.512693,50.140079],[14.512692,50.140079],[14.512691,50.140079],[14.512691,50.140078],[14.51269,50.140078],[14.512689,50.140078],[14.512609,50.140022],[14.512376,50.139957],[14.512241,50.139954],[14.51224,50.139953],[14.512239,50.139953],[14.512238,50.139953],[14.512237,50.139952],[14.512157,50.139895],[14.511925,50.139829],[14.511797,50.13982],[14.511796,50.13982],[14.511795,50.13982],[14.511794,50.13982],[14.511793,50.139819],[14.511712,50.139735],[14.511509,50.139638],[14.511396,50.139618],[14.511395,50.139618],[14.511394,50.139618],[14.511134,50.139471],[14.51103,50.139451],[14.511029,50.139451],[14.511028,50.139451],[14.511027,50.13945],[14.510958,50.139384],[14.510755,50.139287],[14.510659,50.13927],[14.510658,50.13927],[14.510657,50.13927],[14.510656,50.139269],[14.510655,50.139269],[14.510598,50.139211],[14.510356,50.1391],[14.510258,50.139093],[14.510159,50.139124],[14.510038,50.139227],[14.510018,50.139294],[14.510017,50.139295],[14.510016,50.139296],[14.510015,50.139296],[14.510014,50.139296],[14.509909,50.139312],[14.509817,50.139362],[14.509794,50.139466],[14.509816,50.139465],[14.509817,50.139465],[14.509818,50.139465],[14.509819,50.139466],[14.509961,50.139505],[14.509962,50.139505],[14.509963,50.139505],[14.509963,50.139506],[14.510016,50.13958],[14.510017,50.13958],[14.510017,50.139581],[14.510012,50.139666],[14.510052,50.139685],[14.510149,50.139702],[14.51015,50.139702],[14.51015,50.139703],[14.510151,50.139703],[14.510152,50.139703],[14.510152,50.139704],[14.51021,50.139762],[14.510349,50.139828],[14.51043,50.139803],[14.510431,50.139803]]]}},{"type":"Feature","id":"klenecska-127-728","properties":{"id":"klenecska-127-728","label":"Klenečská: Nepomuckých - Toužimská","street":"Klenečská","mailboxes":18,"buildings":12,"placeholder":0},"geometry":{"type":"Polygon","coordinates":[[[14.519633,50.137327],[14.519604,50.137384],[14.519603,50.137385],[14.519602,50.137386],[14.519535,50.137428],[14.519534,50.137428],[14.519533,50.137429],[14.51949,50.137438],[14.519547,50.137593],[14.519655,50.137672],[14.51966,50.137673],[14.519692,50.137639],[14.519692,50.137638],[14.519693,50.137638],[14.519694,50.137637],[14.519695,50.137637],[14.519696,50.137637],[14.520063,50.137597],[14.520064,50.137597],[14.520062,50.137488],[14.520062,50.137487],[14.520063,50.137487],[14.520063,50.137486],[14.520064,50.137486],[14.520064,50.137485],[14.520065,50.137485],[14.520066,50.137485],[14.520067,50.137484],[14.520317,50.137469],[14.520341,50.137455],[14.520325,50.137441],[14.520324,50.13744],[14.520251,50.137187],[14.520251,50.137186],[14.520251,50.137185],[14.520287,50.137111],[14.520288,50.13711],[14.520289,50.13711],[14.520379,50.137065],[14.520324,50.136747],[14.520232,50.136659],[14.520132,50.136641],[14.519942,50.136657],[14.519807,50.136726],[14.519806,50.136726],[14.519805,50.136726],[14.519804,50.136726],[14.519804,50.136727],[14.519803,50.136727],[14.519803,50.136726],[14.519692,50.136713],[14.51946,50.136754],[14.519387,50.136848],[14.519465,50.137149],[14.519536,50.13716],[14.519537,50.137161],[14.519538,50.137161],[14.519538,50.137162],[14.519539,50.137162],[14.51962,50.137239],[14.519621,50.137239],[14.519621,50.13724],[14.519621,50.137241],[14.519633,50.137326],[14.519633,50.137327]]]}},{"type":"Feature","id":"knapova","properties":{"id":"knapova","label":"Knapova: Urubova - Úlehlova","street":"Knapova","mailboxes":24,"buildings":8,"placeholder":0},"geometry":{"type":"Polygon","coordinates":[[[14.525336,50.144557],[14.525384,50.144485],[14.525385,50.144484],[14.525386,50.144484],[14.525386,50.144483],[14.525815,50.144289],[14.525884,50.144221],[14.525882,50.144214],[14.525791,50.144205],[14.52579,50.144205],[14.525789,50.144205],[14.525788,50.144204],[14.525565,50.144052],[14.525383,50.144151],[14.525382,50.144151],[14.525381,50.144151],[14.525381,50.144152],[14.52538,50.144152],[14.525379,50.144152],[14.525211,50.144149],[14.52521,50.144149],[14.525209,50.144148],[14.525208,50.144148],[14.525207,50.144148],[14.52476,50.143835],[14.524618,50.143794],[14.524617,50.143794],[14.524616,50.143794],[14.524615,50.143793],[14.524507,50.14364],[14.524401,50.143668],[14.524221,50.143781],[14.524221,50.143889],[14.524228,50.143894],[14.524368,50.143893],[14.524369,50.143893],[14.52437,50.143893],[14.524371,50.143894],[14.524372,50.143894],[14.524523,50.143996],[14.524524,50.143996],[14.524524,50.143997],[14.524564,50.144066],[14.524564,50.144067],[14.524564,50.144068],[14.524535,50.144139],[14.524691,50.144149],[14.524692,50.144149],[14.524693,50.144149],[14.524693,50.14415],[14.524694,50.14415],[14.524695,50.14415],[14.52485,50.144264],[14.52485,50.144265],[14.524851,50.144265],[14.524879,50.144344],[14.524879,50.144345],[14.524879,50.144346],[14.524834,50.144413],[14.524922,50.144447],[14.524923,50.144447],[14.524923,50.144448],[14.524924,50.144448],[14.525031,50.144552],[14.525032,50.144552],[14.525032,50.144553],[14.525032,50.144554],[14.525011,50.144668],[14.525158,50.144649],[14.525336,50.144557]]]}},{"type":"Feature","id":"koprivnicka","properties":{"id":"koprivnicka","label":"Kopřivnická: Prachatická - Ostravská","street":"Kopřivnická","mailboxes":130,"buildings":8,"placeholder":0},"geometry":{"type":"Polygon","coordinates":[[[14.514742,50.139878],[14.514939,50.139831],[14.514994,50.139753],[14.514961,50.139596],[14.514961,50.139595],[14.514961,50.139594],[14.514962,50.139594],[14.514962,50.139593],[14.514963,50.139593],[14.514963,50.139592],[14.51502,50.139567],[14.515021,50.139567],[14.515021,50.139566],[14.515022,50.139566],[14.515023,50.139566],[14.515024,50.139566],[14.515025,50.139566],[14.515026,50.139566],[14.515027,50.139567],[14.515028,50.139567],[14.515028,50.139568],[14.515029,50.139568],[14.515029,50.139569],[14.515169,50.139842],[14.515275,50.139906],[14.515408,50.13991],[14.515429,50.139887],[14.51543,50.139887],[14.51543,50.139886],[14.515431,50.139886],[14.515432,50.139886],[14.515694,50.139833],[14.515695,50.139833],[14.515696,50.139833],[14.515697,50.139833],[14.515803,50.13986],[14.51589,50.139839],[14.515895,50.139838],[14.51594,50.139806],[14.515953,50.139797],[14.515969,50.139786],[14.515984,50.139707],[14.515906,50.139552],[14.515885,50.13954],[14.515805,50.139496],[14.515652,50.139489],[14.515651,50.139489],[14.51565,50.139489],[14.51565,50.139488],[14.515649,50.139488],[14.515648,50.139488],[14.515647,50.139487],[14.515647,50.139486],[14.515616,50.139414],[14.515602,50.139399],[14.515602,50.139398],[14.515601,50.139398],[14.515547,50.13925],[14.515541,50.139235],[14.515448,50.139172],[14.515072,50.139144],[14.514707,50.139193],[14.514545,50.139241],[14.514477,50.139318],[14.514477,50.139319],[14.514476,50.139319],[14.514475,50.139319],[14.514351,50.139365],[14.514308,50.139446],[14.514427,50.1398],[14.514522,50.13987],[14.514742,50.139878]]]}},{"type":"Feature","id":"koprivnicka-115-118","properties":{"id":"koprivnicka-115-118","label":"Kopřivnická: Prachatická - Ostravská + Beranových","street":"Kopřivnická","mailboxes":40,"buildings":18,"placeholder":0},"geometry":{"type":"Polygon","coordinates":[[[14.515915,50.139547],[14.515915,50.139548],[14.515916,50.139548],[14.515916,50.139549],[14.515995,50.139706],[14.515996,50.139706],[14.515996,50.139707],[14.51598,50.139788],[14.51598,50.139789],[14.515979,50.139789],[14.515979,50.13979],[14.515962,50.139801],[14.515962,50.139802],[14.515961,50.139802],[14.515961,50.139803],[14.515948,50.139811],[14.515902,50.139843],[14.515901,50.139844],[14.5159,50.139844],[14.515895,50.139845],[14.515847,50.139876],[14.515846,50.139876],[14.515846,50.139877],[14.515845,50.139877],[14.515844,50.139877],[14.515843,50.139877],[14.515842,50.139877],[14.515841,50.139877],[14.515695,50.13984],[14.515438,50.139892],[14.515416,50.139915],[14.515286,50.140051],[14.51533,50.140198],[14.515331,50.140198],[14.515331,50.140199],[14.51533,50.140199],[14.51533,50.1402],[14.515329,50.140201],[14.515328,50.140201],[14.515328,50.140202],[14.515327,50.140202],[14.515326,50.140202],[14.515155,50.140218],[14.515014,50.140342],[14.514999,50.140404],[14.515032,50.14046],[14.515252,50.140551],[14.515333,50.140562],[14.515344,50.140564],[14.515345,50.140564],[14.515346,50.140564],[14.515346,50.140565],[14.515347,50.140565],[14.515348,50.140566],[14.515387,50.140622],[14.515509,50.140681],[14.515509,50.140682],[14.51551,50.140682],[14.515562,50.140747],[14.515719,50.140805],[14.515829,50.140812],[14.516028,50.140782],[14.516162,50.140674],[14.516188,50.140614],[14.516188,50.140613],[14.516189,50.140613],[14.516189,50.140612],[14.51619,50.140612],[14.516191,50.140611],[14.516192,50.140611],[14.516193,50.140611],[14.516194,50.140611],[14.516195,50.140611],[14.516358,50.140631],[14.516359,50.140631],[14.51636,50.140632],[14.516361,50.140632],[14.516361,50.140633],[14.516374,50.140648],[14.516427,50.140709],[14.5168,50.140869],[14.516902,50.140878],[14.516942,50.140867],[14.517009,50.14085],[14.517086,50.140779],[14.517091,50.140613],[14.517011,50.14055],[14.51683,50.140514],[14.516829,50.140514],[14.516828,50.140514],[14.516828,50.140513],[14.516827,50.140513],[14.516826,50.140512],[14.516826,50.140511],[14.516826,50.14051],[14.516826,50.140509],[14.516827,50.140509],[14.516868,50.14047],[14.516869,50.14047],[14.516869,50.140469],[14.51687,50.140469],[14.516871,50.140469],[14.517055,50.140447],[14.517131,50.14038],[14.517147,50.140051],[14.517147,50.14005],[14.517147,50.140049],[14.517196,50.139996],[14.517229,50.139878],[14.517187,50.139728],[14.517077,50.139679],[14.516855,50.139676],[14.516669,50.139734],[14.516624,50.139786],[14.516622,50.139845],[14.516621,50.139845],[14.516621,50.139846],[14.516621,50.139847],[14.51662,50.139847],[14.51662,50.139848],[14.516619,50.139848],[14.516618,50.139848],[14.516617,50.139849],[14.516498,50.139868],[14.516498,50.139869],[14.516497,50.139869],[14.516496,50.139869],[14.516496,50.139868],[14.516495,50.139868],[14.516494,50.139868],[14.516493,50.139868],[14.516493,50.139867],[14.516492,50.139867],[14.516431,50.139789],[14.516431,50.139788],[14.516431,50.139787],[14.516431,50.139786],[14.516432,50.139785],[14.516433,50.139785],[14.516511,50.139747],[14.516524,50.139734],[14.51659,50.139665],[14.516591,50.139599],[14.516546,50.139547],[14.516408,50.139456],[14.516321,50.13943],[14.516106,50.13944],[14.515959,50.139482],[14.515942,50.139494],[14.515899,50.139526],[14.515895,50.139536],[14.515915,50.139547]],[[14.516592,50.140238],[14.516592,50.140239],[14.516592,50.14024],[14.516591,50.14024],[14.516591,50.140241],[14.51659,50.140241],[14.516589,50.140241],[14.516589,50.140242],[14.516588,50.140242],[14.516472,50.14026],[14.516471,50.14026],[14.51647,50.14026],[14.516469,50.14026],[14.516313,50.140214],[14.5162,50.140232],[14.516199,50.140232],[14.516198,50.140232],[14.516197,50.140232],[14.516196,50.140232],[14.51597,50.140159],[14.515969,50.140159],[14.515969,50.140158],[14.515968,50.140158],[14.515968,50.140157],[14.515967,50.140157],[14.515967,50.140156],[14.515967,50.140155],[14.515978,50.140128],[14.515979,50.140128],[14.515979,50.140127],[14.51598,50.140126],[14.515981,50.140126],[14.515982,50.140126],[14.515983,50.140125],[14.515984,50.140125],[14.516227,50.140119],[14.516383,50.140085],[14.516384,50.140085],[14.516385,50.140085],[14.516386,50.140085],[14.516387,50.140085],[14.516388,50.140085],[14.516388,50.140086],[14.516389,50.140086],[14.516458,50.140137],[14.51656,50.140158],[14.516561,50.140158],[14.516562,50.140158],[14.516563,50.140159],[14.516564,50.14016],[14.516592,50.140237],[14.516592,50.140238]],[[14.515668,50.140337],[14.515668,50.140338],[14.515667,50.140338],[14.515666,50.140339],[14.515665,50.140339],[14.515664,50.140339],[14.515663,50.140339],[14.515601,50.140342],[14.5156,50.140342],[14.515599,50.140342],[14.515598,50.140342],[14.515597,50.140342],[14.515597,50.140341],[14.515596,50.140341],[14.515495,50.140259],[14.515494,50.140259],[14.515494,50.140258],[14.515494,50.140257],[14.515494,50.140256],[14.515494,50.140255],[14.515495,50.140255],[14.515496,50.140254],[14.515497,50.140254],[14.515498,50.140254],[14.515499,50.140254],[14.5155,50.140254],[14.515501,50.140254],[14.515666,50.140293],[14.515667,50.140293],[14.515668,50.140294],[14.515669,50.140294],[14.515669,50.140295],[14.515669,50.140296],[14.515668,50.140336],[14.515668,50.140337]]]}},{"type":"Feature","id":"kostomlatska-8-8","properties":{"id":"kostomlatska-8-8","label":"Kostomlatská x Terezínská","street":"Kostomlatská","mailboxes":15,"buildings":1,"placeholder":0},"geometry":{"type":"Polygon","coordinates":[[[14.500773,50.128845],[14.500872,50.128822],[14.500974,50.128714],[14.500974,50.128712],[14.500982,50.128659],[14.500982,50.128658],[14.500983,50.128657],[14.501015,50.128627],[14.501014,50.128627],[14.501013,50.128627],[14.500901,50.128612],[14.5009,50.128612],[14.500899,50.128612],[14.500656,50.128501],[14.500655,50.128501],[14.500655,50.1285],[14.500654,50.1285],[14.500604,50.128429],[14.500544,50.128443],[14.500381,50.12859],[14.500356,50.128663],[14.500399,50.128729],[14.500719,50.128858],[14.500773,50.128845]]]}},{"type":"Feature","id":"kostomlatska-6-6","properties":{"id":"kostomlatska-6-6","label":"Kostomlatská x Terezínská","street":"Kostomlatská","mailboxes":26,"buildings":1,"placeholder":0},"geometry":{"type":"Polygon","coordinates":[[[14.500664,50.128496],[14.500904,50.128606],[14.501013,50.128619],[14.501047,50.128606],[14.50115,50.128568],[14.501368,50.128364],[14.501389,50.128288],[14.501386,50.128285],[14.501351,50.128231],[14.501261,50.128182],[14.501085,50.128109],[14.500989,50.128099],[14.500865,50.128141],[14.500638,50.128351],[14.500613,50.128424],[14.500664,50.128496]]]}},{"type":"Feature","id":"kostomlatska","properties":{"id":"kostomlatska","label":"Kostomlatská x Terezínská","street":"Kostomlatská","mailboxes":143,"buildings":8,"placeholder":0},"geometry":{"type":"Polygon","coordinates":[[[14.501019,50.127489],[14.500921,50.127508],[14.500842,50.127563],[14.500841,50.127563],[14.50084,50.127563],[14.500839,50.127564],[14.500838,50.127564],[14.500837,50.127564],[14.500612,50.127537],[14.500488,50.127574],[14.500441,50.127626],[14.500398,50.127769],[14.500467,50.127868],[14.500467,50.127869],[14.500468,50.127869],[14.500468,50.12787],[14.500468,50.127871],[14.500467,50.127871],[14.500417,50.127965],[14.500486,50.128052],[14.500756,50.128162],[14.50083,50.12816],[14.500857,50.128136],[14.500857,50.128135],[14.500858,50.128135],[14.500859,50.128135],[14.500985,50.128092],[14.500986,50.128092],[14.500987,50.128092],[14.500988,50.128092],[14.500989,50.128092],[14.501088,50.128102],[14.501089,50.128102],[14.50109,50.128102],[14.501267,50.128176],[14.501268,50.128177],[14.501359,50.128226],[14.50136,50.128227],[14.501361,50.128227],[14.501361,50.128228],[14.501393,50.128276],[14.5014,50.128269],[14.501401,50.128269],[14.501402,50.128268],[14.501483,50.128241],[14.501484,50.128241],[14.501485,50.12824],[14.501486,50.12824],[14.501487,50.128241],[14.501488,50.128241],[14.501489,50.128241],[14.501489,50.128242],[14.50149,50.128242],[14.501491,50.128243],[14.501491,50.128244],[14.501491,50.128245],[14.501489,50.128252],[14.501721,50.128037],[14.501722,50.128037],[14.501723,50.128036],[14.501724,50.128036],[14.501725,50.128036],[14.501726,50.128036],[14.501727,50.128036],[14.501978,50.128063],[14.502097,50.128035],[14.502052,50.127987],[14.502052,50.127986],[14.502052,50.127985],[14.502052,50.127984],[14.502065,50.127911],[14.502066,50.12791],[14.50218,50.1278],[14.502132,50.127737],[14.501978,50.127702],[14.501977,50.127702],[14.501976,50.127702],[14.501975,50.127701],[14.501918,50.127649],[14.501888,50.127636],[14.501785,50.127616],[14.501784,50.127616],[14.501783,50.127615],[14.50171,50.127562],[14.501615,50.127561],[14.501576,50.127561],[14.501509,50.127602],[14.501452,50.127638],[14.501451,50.127638],[14.501451,50.127639],[14.50145,50.127639],[14.501449,50.127639],[14.501448,50.127639],[14.501447,50.127639],[14.501358,50.127629],[14.501358,50.127628],[14.501357,50.127628],[14.501356,50.127628],[14.501217,50.127556],[14.501128,50.12751],[14.501033,50.127492],[14.501019,50.127489]]]}},{"type":"Feature","id":"krausova","properties":{"id":"krausova","label":"Krausova: Malkovského - Místecká","street":"Krausova","mailboxes":80,"buildings":1,"placeholder":0},"geometry":{"type":"Polygon","coordinates":[[[14.508055,50.141648],[14.508054,50.141648],[14.508053,50.141648],[14.508052,50.141648],[14.507957,50.141609],[14.507956,50.141609],[14.507956,50.141608],[14.507955,50.141608],[14.507869,50.141516],[14.507833,50.141518],[14.507736,50.141552],[14.507681,50.141635],[14.507703,50.141795],[14.507714,50.141875],[14.507813,50.141984],[14.507906,50.142023],[14.508188,50.142016],[14.5082,50.142012],[14.508197,50.141954],[14.508197,50.141953],[14.508197,50.141952],[14.508198,50.141952],[14.508246,50.1419],[14.508246,50.141899],[14.508247,50.141899],[14.508248,50.141899],[14.508248,50.141898],[14.508329,50.141867],[14.50833,50.141866],[14.508331,50.141866],[14.508345,50.141865],[14.508345,50.14181],[14.508344,50.141719],[14.508304,50.141639],[14.508056,50.141648],[14.508055,50.141648]]]}},{"type":"Feature","id":"krausova-18ab","properties":{"id":"krausova-18ab","label":"Krausova: Malkovského - Místecká","street":"Krausova","mailboxes":81,"buildings":1,"placeholder":0},"geometry":{"type":"Polygon","coordinates":[[[14.507878,50.14117],[14.507825,50.141254],[14.507862,50.141495],[14.507964,50.141604],[14.508057,50.141641],[14.508308,50.141632],[14.50834,50.141631],[14.508443,50.141595],[14.508495,50.141524],[14.508491,50.141332],[14.508441,50.141237],[14.508399,50.1412],[14.508345,50.141154],[14.508194,50.14112],[14.507974,50.141136],[14.507878,50.14117]]]}},{"type":"Feature","id":"krausova-eac6","properties":{"id":"krausova-eac6","label":"Krausova: Místecká - Malkovského","street":"Krausova","mailboxes":80,"buildings":1,"placeholder":0},"geometry":{"type":"Polygon","coordinates":[[[14.508086,50.140699],[14.508014,50.140704],[14.507888,50.140765],[14.507865,50.140827],[14.507901,50.141054],[14.507976,50.141128],[14.508195,50.141113],[14.508196,50.141113],[14.508197,50.141113],[14.508351,50.141148],[14.508352,50.141148],[14.508353,50.141148],[14.508353,50.141149],[14.508406,50.141195],[14.508407,50.141194],[14.508515,50.141137],[14.508538,50.141079],[14.508526,50.140886],[14.508471,50.140793],[14.508409,50.140749],[14.508346,50.140704],[14.508256,50.140688],[14.508086,50.140699]]]}},{"type":"Feature","id":"krnovska-351-353","properties":{"id":"krnovska-351-353","label":"Krnovská: Vítkovická - Šumperská","street":"Krnovská","mailboxes":28,"buildings":3,"placeholder":0},"geometry":{"type":"Polygon","coordinates":[[[14.507997,50.137484],[14.508057,50.137525],[14.508092,50.137549],[14.508729,50.137646],[14.508906,50.137673],[14.509003,50.137666],[14.509113,50.137593],[14.50913,50.137547],[14.509159,50.137469],[14.509147,50.137409],[14.509026,50.137337],[14.509015,50.137335],[14.50825,50.137224],[14.508137,50.13723],[14.508073,50.137273],[14.508028,50.137303],[14.507985,50.137426],[14.507997,50.137484]]]}},{"type":"Feature","id":"kuzelova","properties":{"id":"kuzelova","label":"Kuželova","street":"Kuželova","mailboxes":98,"buildings":5,"placeholder":0},"geometry":{"type":"Polygon","coordinates":[[[14.508863,50.140733],[14.508791,50.140819],[14.508837,50.141044],[14.508953,50.141106],[14.509669,50.14107],[14.5098,50.141063],[14.509857,50.14105],[14.509969,50.141022],[14.510042,50.140927],[14.510014,50.140755],[14.509976,50.140702],[14.509823,50.140655],[14.508972,50.140706],[14.508962,50.140707],[14.508915,50.140719],[14.508863,50.140733]]]}},{"type":"Feature","id":"kuzelova-b85c","properties":{"id":"kuzelova-b85c","label":"Kuželova","street":"Kuželova","mailboxes":95,"buildings":5,"placeholder":0},"geometry":{"type":"Polygon","coordinates":[[[14.510577,50.141014],[14.50986,50.141057],[14.509804,50.14107],[14.509803,50.14107],[14.509803,50.141071],[14.509802,50.141071],[14.509671,50.141077],[14.50962,50.14109],[14.509547,50.141176],[14.509587,50.141401],[14.509704,50.141464],[14.510392,50.141429],[14.51039,50.141415],[14.51039,50.141414],[14.510391,50.141414],[14.510461,50.141266],[14.510462,50.141265],[14.510463,50.141265],[14.510463,50.141264],[14.510464,50.141264],[14.510572,50.141223],[14.510573,50.141223],[14.510574,50.141223],[14.510575,50.141223],[14.51078,50.141215],[14.510767,50.141115],[14.510735,50.141069],[14.51073,50.141061],[14.510693,50.14105],[14.510577,50.141014]]]}},{"type":"Feature","id":"krivoklatska","properties":{"id":"krivoklatska","label":"Křivoklátská: Fryčovická - Strakova","street":"Křivoklátská","mailboxes":45,"buildings":1,"placeholder":0},"geometry":{"type":"Polygon","coordinates":[[[14.50531,50.138432],[14.505171,50.138371],[14.504815,50.138393],[14.504745,50.138437],[14.504719,50.138495],[14.504781,50.139078],[14.504914,50.139138],[14.505211,50.139131],[14.505332,50.139085],[14.505372,50.139006],[14.50531,50.138432]]]}},{"type":"Feature","id":"krivoklatska-455-455","properties":{"id":"krivoklatska-455-455","label":"Křivoklátská: Fryčovická - Strakova","street":"Křivoklátská","mailboxes":72,"buildings":1,"placeholder":0},"geometry":{"type":"Polygon","coordinates":[[[14.505718,50.13908],[14.506068,50.139055],[14.506128,50.139024],[14.50615,50.139013],[14.506183,50.138958],[14.506161,50.138808],[14.506144,50.138696],[14.506089,50.138649],[14.505993,50.138622],[14.505604,50.138647],[14.505495,50.138724],[14.505525,50.139002],[14.505614,50.139066],[14.505718,50.13908]]]}},{"type":"Feature","id":"krivoklatska-f8f1","properties":{"id":"krivoklatska-f8f1","label":"Křivoklátská: Fryčovická - Strakova","street":"Křivoklátská","mailboxes":56,"buildings":1,"placeholder":0},"geometry":{"type":"Polygon","coordinates":[[[14.506965,50.139109],[14.506966,50.139108],[14.506967,50.139108],[14.507128,50.139094],[14.507087,50.138935],[14.507087,50.138934],[14.507087,50.138933],[14.507088,50.138933],[14.507137,50.13885],[14.507138,50.138849],[14.507139,50.138849],[14.507139,50.138848],[14.507225,50.138813],[14.507222,50.138794],[14.507164,50.138739],[14.50716,50.138735],[14.507058,50.138709],[14.506278,50.138753],[14.506199,50.138783],[14.506172,50.138808],[14.506195,50.138958],[14.506195,50.138959],[14.506194,50.13896],[14.50616,50.139016],[14.506159,50.139017],[14.506158,50.139018],[14.506139,50.139028],[14.506234,50.139114],[14.506456,50.139185],[14.50685,50.139171],[14.506965,50.139109]]]}},{"type":"Feature","id":"krivoklatska-527-527","properties":{"id":"krivoklatska-527-527","label":"Křivoklátská: Fryčovická - Kladrubská","street":"Křivoklátská","mailboxes":72,"buildings":1,"placeholder":0},"geometry":{"type":"Polygon","coordinates":[[[14.507777,50.13917],[14.507862,50.139238],[14.507965,50.139254],[14.50832,50.139238],[14.508404,50.139198],[14.50844,50.139143],[14.508415,50.138882],[14.508353,50.138828],[14.508268,50.138804],[14.507878,50.13882],[14.507764,50.138895],[14.507777,50.13917]]]}},{"type":"Feature","id":"krivoklatska-436-437","properties":{"id":"krivoklatska-436-437","label":"Křivoklátská: Kladrubská - Vamberská","street":"Křivoklátská","mailboxes":24,"buildings":2,"placeholder":0},"geometry":{"type":"Polygon","coordinates":[[[14.509805,50.138334],[14.509804,50.138334],[14.509803,50.138335],[14.509802,50.138335],[14.509801,50.138335],[14.50965,50.138359],[14.509649,50.138359],[14.509648,50.138359],[14.509647,50.138359],[14.509461,50.138327],[14.50946,50.138327],[14.509428,50.138311],[14.50935,50.138341],[14.509318,50.138405],[14.509333,50.138527],[14.509398,50.138608],[14.509517,50.138638],[14.510148,50.138603],[14.510257,50.138553],[14.510289,50.13849],[14.510275,50.138359],[14.510192,50.138276],[14.510086,50.138255],[14.509875,50.138266],[14.509805,50.138334]]]}},{"type":"Feature","id":"krivoklatska-285-285","properties":{"id":"krivoklatska-285-285","label":"Křivoklátská: Vamberská - Tvrdého","street":"Křivoklátská","mailboxes":32,"buildings":1,"placeholder":0},"geometry":{"type":"Polygon","coordinates":[[[14.512024,50.138289],[14.511981,50.138261],[14.511823,50.138255],[14.511628,50.138308],[14.511561,50.138355],[14.511543,50.138437],[14.511801,50.138845],[14.511902,50.138896],[14.512036,50.138892],[14.512228,50.13884],[14.512294,50.138793],[14.512298,50.138745],[14.512302,50.138691],[14.512063,50.138314],[14.512024,50.138289]]]}},{"type":"Feature","id":"krivoklatska-254-258","properties":{"id":"krivoklatska-254-258","label":"Křivoklátská: Vamberská - Tvrdého","street":"Křivoklátská","mailboxes":51,"buildings":5,"placeholder":0},"geometry":{"type":"Polygon","coordinates":[[[14.512983,50.137856],[14.513015,50.137787],[14.512923,50.13763],[14.512772,50.137583],[14.512617,50.137621],[14.511916,50.137791],[14.511359,50.137964],[14.511319,50.137977],[14.511284,50.138079],[14.511325,50.138129],[14.511406,50.138227],[14.51149,50.13825],[14.511582,50.138246],[14.512895,50.137902],[14.512983,50.137856]]]}},{"type":"Feature","id":"krivoklatska-301-301","properties":{"id":"krivoklatska-301-301","label":"Křivoklátská: Tvrdého - Vamberská","street":"Křivoklátská","mailboxes":35,"buildings":1,"placeholder":0},"geometry":{"type":"Polygon","coordinates":[[[14.512072,50.13831],[14.512073,50.13831],[14.512073,50.138311],[14.512313,50.138689],[14.512313,50.13869],[14.512314,50.13869],[14.512309,50.138743],[14.512368,50.13878],[14.512457,50.138795],[14.512667,50.13875],[14.512781,50.138675],[14.512799,50.138619],[14.512775,50.138605],[14.512774,50.138605],[14.512774,50.138604],[14.512773,50.138604],[14.512507,50.138181],[14.512506,50.138181],[14.512506,50.13818],[14.512506,50.138179],[14.512512,50.138158],[14.512475,50.138135],[14.512387,50.13812],[14.512132,50.138175],[14.512048,50.138227],[14.512034,50.138285],[14.512072,50.13831]]]}},{"type":"Feature","id":"krivoklatska-302-302","properties":{"id":"krivoklatska-302-302","label":"Křivoklátská: Tvrdého - Vamberská","street":"Křivoklátská","mailboxes":36,"buildings":1,"placeholder":0},"geometry":{"type":"Polygon","coordinates":[[[14.512518,50.138179],[14.512783,50.1386],[14.512853,50.13864],[14.512943,50.138653],[14.513212,50.138588],[14.51328,50.138533],[14.51329,50.138462],[14.513025,50.138046],[14.512962,50.138008],[14.512873,50.137993],[14.512634,50.138044],[14.512539,50.138098],[14.512518,50.138179]]]}},{"type":"Feature","id":"letovska","properties":{"id":"letovska","label":"Letovská: Kladrubská - Jančova","street":"Letovská","mailboxes":76,"buildings":5,"placeholder":1},"geometry":{"type":"Polygon","coordinates":[[[14.513208,50.140976],[14.513341,50.140979],[14.513342,50.140979],[14.513343,50.140979],[14.513344,50.140979],[14.513344,50.14098],[14.513345,50.14098],[14.513345,50.140981],[14.513346,50.140981],[14.513346,50.140982],[14.513346,50.140983],[14.513338,50.141013],[14.513415,50.141036],[14.513416,50.141036],[14.513417,50.141036],[14.513417,50.141037],[14.513418,50.141037],[14.51349,50.141126],[14.51349,50.141127],[14.51349,50.141128],[14.51349,50.141129],[14.513403,50.141293],[14.513402,50.141293],[14.513402,50.141294],[14.513401,50.141294],[14.513401,50.141295],[14.5133,50.14135],[14.513299,50.14135],[14.513298,50.14135],[14.513297,50.14135],[14.513297,50.141351],[14.513255,50.14135],[14.513212,50.14152],[14.513222,50.14158],[14.513274,50.141629],[14.513349,50.141656],[14.513724,50.141679],[14.5138,50.141646],[14.513843,50.141593],[14.513854,50.141548],[14.51381,50.141527],[14.513809,50.141526],[14.513808,50.141525],[14.513808,50.141524],[14.51378,50.14145],[14.51378,50.141449],[14.51378,50.141448],[14.513901,50.140956],[14.513901,50.140955],[14.513902,50.140955],[14.513989,50.140871],[14.513887,50.140804],[14.513573,50.140769],[14.513572,50.140769],[14.513571,50.140769],[14.51357,50.140768],[14.513569,50.140768],[14.513569,50.140767],[14.513569,50.140766],[14.513561,50.140645],[14.51356,50.140628],[14.513473,50.140559],[14.51322,50.140549],[14.513048,50.140543],[14.51295,50.140575],[14.512898,50.140629],[14.512901,50.140755],[14.512904,50.140903],[14.513026,50.140973],[14.513208,50.140976]]]}},{"type":"Feature","id":"letovska-821-821","properties":{"id":"letovska-821-821","label":"Letovská: Kladrubská - Jančova","street":"Letovská","mailboxes":62,"buildings":5,"placeholder":0},"geometry":{"type":"Polygon","coordinates":[[[14.514794,50.140617],[14.514716,50.140566],[14.513965,50.140351],[14.513902,50.140333],[14.513895,50.14034],[14.513894,50.140341],[14.513893,50.140341],[14.513796,50.140379],[14.513795,50.140379],[14.513794,50.140379],[14.513793,50.140379],[14.513668,50.140373],[14.513667,50.140373],[14.513666,50.140373],[14.513666,50.140372],[14.513498,50.140299],[14.513497,50.140299],[14.513497,50.140298],[14.513496,50.140298],[14.513496,50.140297],[14.513433,50.140222],[14.513432,50.140221],[14.513432,50.14022],[14.513433,50.140219],[14.513415,50.140218],[14.513317,50.140251],[14.513179,50.140372],[14.513147,50.140467],[14.513223,50.140542],[14.513476,50.140552],[14.513477,50.140552],[14.513478,50.140552],[14.513479,50.140552],[14.51348,50.140553],[14.51357,50.140625],[14.513571,50.140625],[14.513571,50.140626],[14.513572,50.140626],[14.513572,50.140627],[14.513572,50.140642],[14.514403,50.140875],[14.514349,50.140824],[14.514349,50.140823],[14.514348,50.140822],[14.514348,50.140821],[14.51436,50.140738],[14.51436,50.140737],[14.514452,50.140607],[14.514453,50.140606],[14.514495,50.140578],[14.514496,50.140578],[14.514496,50.140577],[14.514497,50.140577],[14.514498,50.140577],[14.514499,50.140577],[14.5145,50.140577],[14.514501,50.140577],[14.514502,50.140577],[14.514503,50.140577],[14.514609,50.140622],[14.514712,50.140631],[14.514713,50.140631],[14.514714,50.140631],[14.514714,50.140632],[14.514715,50.140632],[14.514716,50.140632],[14.514773,50.140681],[14.514805,50.140694],[14.514815,50.140678],[14.514794,50.140617]]]}},{"type":"Feature","id":"letovska-e1ca","properties":{"id":"letovska-e1ca","label":"Letovská: Jančova - Kladrubská","street":"Letovská","mailboxes":57,"buildings":3,"placeholder":0},"geometry":{"type":"Polygon","coordinates":[[[14.514387,50.140881],[14.514109,50.140853],[14.514002,50.140871],[14.513912,50.140958],[14.513791,50.141449],[14.513818,50.141521],[14.513864,50.141543],[14.513935,50.141577],[14.5143,50.1416],[14.514407,50.141538],[14.514419,50.141494],[14.5144,50.141486],[14.514399,50.141486],[14.514399,50.141485],[14.514398,50.141485],[14.514397,50.141484],[14.514352,50.141383],[14.514352,50.141382],[14.514436,50.141045],[14.514437,50.141045],[14.514437,50.141044],[14.5145,50.140978],[14.514501,50.140978],[14.514501,50.140977],[14.514502,50.140977],[14.514503,50.140977],[14.514531,50.140971],[14.514519,50.140938],[14.514387,50.140881]]]}},{"type":"Feature","id":"letovska-8794","properties":{"id":"letovska-8794","label":"Letovská: Kladrubská - Jančova","street":"Letovská","mailboxes":36,"buildings":2,"placeholder":0},"geometry":{"type":"Polygon","coordinates":[[[14.514363,50.141382],[14.514407,50.141481],[14.514428,50.141489],[14.514501,50.141519],[14.51478,50.141548],[14.514933,50.14152],[14.514994,50.141456],[14.515081,50.1411],[14.515071,50.141082],[14.515043,50.141029],[14.514953,50.140987],[14.514641,50.140954],[14.514636,50.140955],[14.51454,50.140976],[14.514508,50.140983],[14.514447,50.141047],[14.514363,50.141382]]]}},{"type":"Feature","id":"letovska-545-718","properties":{"id":"letovska-545-718","label":"Letovská: Kladrubská - Jančova","street":"Letovská","mailboxes":30,"buildings":2,"placeholder":0},"geometry":{"type":"Polygon","coordinates":[[[14.514605,50.140628],[14.514604,50.140628],[14.5145,50.140585],[14.514462,50.140611],[14.514371,50.140739],[14.51436,50.140821],[14.514423,50.140882],[14.514431,50.140889],[14.514635,50.140948],[14.514638,50.140947],[14.514639,50.140947],[14.51464,50.140946],[14.514641,50.140946],[14.514641,50.140947],[14.514784,50.140962],[14.514768,50.140894],[14.514768,50.140893],[14.514769,50.140893],[14.514769,50.140892],[14.514883,50.140734],[14.514805,50.140702],[14.514766,50.140686],[14.514765,50.140686],[14.514708,50.140638],[14.514606,50.140629],[14.514605,50.140628]]]}},{"type":"Feature","id":"letovska-543-544","properties":{"id":"letovska-543-544","label":"Letovská x Kladrubská","street":"Letovská","mailboxes":48,"buildings":4,"placeholder":0},"geometry":{"type":"Polygon","coordinates":[[[14.51478,50.140894],[14.514795,50.140963],[14.514956,50.14098],[14.514957,50.14098],[14.514958,50.14098],[14.514959,50.140981],[14.515051,50.141024],[14.515052,50.141024],[14.515052,50.141025],[14.515053,50.141025],[14.515081,50.141078],[14.515747,50.141268],[14.515695,50.141204],[14.515695,50.141203],[14.515694,50.141203],[14.515694,50.141202],[14.515707,50.141128],[14.515708,50.141127],[14.515817,50.140982],[14.515818,50.140982],[14.515818,50.140981],[14.515819,50.140981],[14.51582,50.14098],[14.515957,50.140936],[14.515957,50.140935],[14.515958,50.140935],[14.515959,50.140935],[14.51596,50.140935],[14.516002,50.140936],[14.515177,50.140701],[14.515149,50.140724],[14.515149,50.140725],[14.515148,50.140725],[14.51506,50.140758],[14.515059,50.140759],[14.515058,50.140759],[14.515057,50.140759],[14.514944,50.140757],[14.514943,50.140757],[14.514942,50.140757],[14.514941,50.140757],[14.514893,50.140737],[14.51478,50.140894]]]}},{"type":"Feature","id":"letovska-100c","properties":{"id":"letovska-100c","label":"Letovská","street":"Letovská","mailboxes":65,"buildings":1,"placeholder":0},"geometry":{"type":"Polygon","coordinates":[[[14.51603,50.140943],[14.515961,50.140942],[14.515827,50.140986],[14.515718,50.141129],[14.515706,50.141201],[14.515756,50.141264],[14.515868,50.141298],[14.516262,50.141419],[14.516263,50.141419],[14.516263,50.14142],[14.516264,50.14142],[14.516265,50.141421],[14.516328,50.1415],[14.516493,50.141553],[14.516604,50.141554],[14.516806,50.14149],[14.51694,50.141305],[14.51693,50.141246],[14.516869,50.141174],[14.516775,50.141146],[14.516107,50.140945],[14.516069,50.140944],[14.51603,50.140943]]]}},{"type":"Feature","id":"malkovskeho-596-601","properties":{"id":"malkovskeho-596-601","label":"Malkovského: Tupolevova - Krausova","street":"Malkovského","mailboxes":224,"buildings":6,"placeholder":0},"geometry":{"type":"Polygon","coordinates":[[[14.506037,50.141976],[14.506133,50.141969],[14.50612,50.141845],[14.50612,50.141844],[14.50612,50.141843],[14.506121,50.141843],[14.506121,50.141842],[14.506224,50.141757],[14.506225,50.141756],[14.506226,50.141756],[14.506227,50.141756],[14.506228,50.141756],[14.50649,50.14174],[14.506476,50.14163],[14.506456,50.141621],[14.506455,50.141621],[14.506454,50.14162],[14.506453,50.141619],[14.506368,50.141449],[14.506368,50.141448],[14.506367,50.141448],[14.506349,50.141306],[14.506349,50.141305],[14.506349,50.141304],[14.506383,50.141247],[14.506383,50.141246],[14.506384,50.141246],[14.506384,50.141245],[14.506385,50.141245],[14.506426,50.141224],[14.50638,50.140853],[14.5063,50.140765],[14.506195,50.140743],[14.505915,50.140758],[14.505777,50.14081],[14.505742,50.140881],[14.505887,50.141914],[14.505949,50.141957],[14.506037,50.141976]]]}},{"type":"Feature","id":"malkovskeho","properties":{"id":"malkovskeho","label":"Malkovského: Krausova - Tupolevova","street":"Malkovského","mailboxes":88,"buildings":4,"placeholder":0},"geometry":{"type":"Polygon","coordinates":[[[14.506144,50.141972],[14.506149,50.14202],[14.506213,50.142091],[14.506428,50.142134],[14.506842,50.142102],[14.506843,50.142102],[14.506844,50.142102],[14.506953,50.142114],[14.507303,50.142092],[14.507437,50.142057],[14.507507,50.142018],[14.50754,50.141963],[14.507501,50.141765],[14.507436,50.141718],[14.507336,50.141698],[14.506496,50.141747],[14.506231,50.141763],[14.506132,50.141845],[14.506144,50.141972]]]}},{"type":"Feature","id":"malkovskeho-603-603","properties":{"id":"malkovskeho-603-603","label":"Malkovského: Krausova - Tupolevova","street":"Malkovského","mailboxes":46,"buildings":1,"placeholder":0},"geometry":{"type":"Polygon","coordinates":[[[14.507012,50.141182],[14.50698,50.141192],[14.506979,50.141192],[14.506978,50.141192],[14.506474,50.141208],[14.506393,50.14125],[14.50636,50.141306],[14.506379,50.141447],[14.506464,50.141616],[14.50659,50.141672],[14.507345,50.141625],[14.507417,50.141589],[14.507456,50.141535],[14.507481,50.141374],[14.50745,50.141227],[14.507384,50.141175],[14.50738,50.141174],[14.507279,50.141153],[14.507064,50.141166],[14.507012,50.141182]]]}},{"type":"Feature","id":"malkovskeho-b94c","properties":{"id":"malkovskeho-b94c","label":"Malkovského: Krausova - Tupolevova","street":"Malkovského","mailboxes":48,"buildings":1,"placeholder":0},"geometry":{"type":"Polygon","coordinates":[[[14.506962,50.141176],[14.507008,50.141176],[14.507061,50.141159],[14.507062,50.141159],[14.507279,50.141146],[14.50728,50.141146],[14.507281,50.141146],[14.507282,50.141146],[14.507382,50.141167],[14.507636,50.141128],[14.507698,50.141085],[14.50772,50.141027],[14.507675,50.140677],[14.507643,50.14062],[14.50756,50.140573],[14.507464,50.140557],[14.507048,50.140581],[14.506853,50.140617],[14.506771,50.140703],[14.506782,50.140812],[14.506823,50.140867],[14.506823,50.140868],[14.506823,50.140869],[14.506823,50.14087],[14.506777,50.14093],[14.506781,50.14101],[14.506846,50.141125],[14.506962,50.141176]]]}},{"type":"Feature","id":"malkovskeho-a5aa","properties":{"id":"malkovskeho-a5aa","label":"Malkovského x Krausova","street":"Malkovského","mailboxes":59,"buildings":1,"placeholder":1},"geometry":{"type":"MultiPolygon","coordinates":[[[[14.508356,50.141865],[14.508416,50.141861],[14.508402,50.141835],[14.508356,50.141817],[14.508356,50.141865]]],[[[14.507628,50.142263],[14.50777,50.142317],[14.508255,50.142319],[14.508349,50.142298],[14.508402,50.142239],[14.508267,50.14221],[14.508266,50.14221],[14.508265,50.142209],[14.508264,50.142209],[14.508264,50.142208],[14.508263,50.142208],[14.508206,50.14213],[14.508206,50.142129],[14.5082,50.14202],[14.508192,50.142023],[14.508191,50.142023],[14.50819,50.142023],[14.507904,50.142031],[14.507903,50.142031],[14.507902,50.142031],[14.507902,50.14203],[14.507901,50.14203],[14.507806,50.14199],[14.507805,50.14199],[14.507805,50.141989],[14.507804,50.141989],[14.507703,50.141878],[14.507703,50.141877],[14.507692,50.141801],[14.507671,50.141805],[14.507603,50.141875],[14.507596,50.142204],[14.507628,50.142263]]]]}},{"type":"Feature","id":"malkovskeho-db8b","properties":{"id":"malkovskeho-db8b","label":"Malkovského: Krausova - Ivančická","street":"Malkovského","mailboxes":149,"buildings":7,"placeholder":0},"geometry":{"type":"Polygon","coordinates":[[[14.508388,50.14187],[14.508334,50.141873],[14.508255,50.141904],[14.508208,50.141955],[14.508217,50.142128],[14.508273,50.142204],[14.508509,50.142254],[14.509106,50.142219],[14.509303,50.142155],[14.509304,50.142155],[14.509305,50.142155],[14.509306,50.142155],[14.509409,50.142166],[14.510291,50.142111],[14.510434,50.142065],[14.510492,50.142014],[14.510483,50.141857],[14.510479,50.141805],[14.510402,50.14174],[14.510281,50.14172],[14.509268,50.141781],[14.509141,50.141823],[14.50914,50.141823],[14.509139,50.141824],[14.508424,50.141868],[14.508388,50.14187]]]}},{"type":"Feature","id":"miroslava-hajna-3-3","properties":{"id":"miroslava-hajna-3-3","label":"Miroslava Hajna: Škrábkových - Pavla Beneše","street":"Miroslava Hajna","mailboxes":55,"buildings":1,"placeholder":0},"geometry":{"type":"Polygon","coordinates":[[[14.519911,50.139862],[14.520035,50.139609],[14.520024,50.139619],[14.520024,50.13962],[14.520023,50.13962],[14.519942,50.139655],[14.519941,50.139655],[14.519941,50.139656],[14.51994,50.139656],[14.519939,50.139656],[14.519849,50.139662],[14.519848,50.139662],[14.519847,50.139662],[14.519529,50.139599],[14.51937,50.139733],[14.519374,50.139755],[14.519374,50.139756],[14.519374,50.139757],[14.519339,50.139813],[14.519338,50.139813],[14.519338,50.139814],[14.519337,50.139814],[14.519283,50.139848],[14.519358,50.1399],[14.519518,50.139935],[14.519743,50.139946],[14.519852,50.139919],[14.519911,50.139862]]]}},{"type":"Feature","id":"miroslava-hajna-3-3-b3c5","properties":{"id":"miroslava-hajna-3-3-b3c5","label":"Miroslava Hajna: Pavla Beneše - Škrábkových","street":"Miroslava Hajna","mailboxes":54,"buildings":1,"placeholder":0},"geometry":{"type":"Polygon","coordinates":[[[14.519937,50.139649],[14.520016,50.139615],[14.520047,50.139586],[14.520104,50.139534],[14.520124,50.139472],[14.520106,50.139237],[14.52005,50.139096],[14.519997,50.139047],[14.519864,50.139016],[14.519494,50.139051],[14.519409,50.139127],[14.519428,50.139364],[14.519473,50.139365],[14.519474,50.139365],[14.519475,50.139366],[14.519476,50.139366],[14.51956,50.139403],[14.519561,50.139403],[14.519562,50.139404],[14.519608,50.139471],[14.519609,50.139472],[14.519609,50.139473],[14.519609,50.139474],[14.519583,50.139553],[14.519582,50.139553],[14.519582,50.139554],[14.519582,50.139555],[14.519536,50.139593],[14.519849,50.139655],[14.519937,50.139649]]]}},{"type":"Feature","id":"miroslava-hajna","properties":{"id":"miroslava-hajna","label":"Miroslava Hajna: Škrábkových - Veselská","street":"Miroslava Hajna","mailboxes":65,"buildings":1,"placeholder":0},"geometry":{"type":"Polygon","coordinates":[[[14.52027,50.140184],[14.520493,50.140198],[14.520647,50.140183],[14.520662,50.140177],[14.520733,50.140145],[14.520772,50.140091],[14.520782,50.139999],[14.520741,50.139842],[14.520741,50.139841],[14.520742,50.139833],[14.520696,50.139874],[14.520695,50.139874],[14.520695,50.139875],[14.520694,50.139875],[14.520693,50.139875],[14.520586,50.139902],[14.520585,50.139902],[14.520584,50.139902],[14.520583,50.139902],[14.520272,50.139893],[14.520271,50.139893],[14.52027,50.139893],[14.520127,50.139845],[14.520126,50.139845],[14.520126,50.139844],[14.520125,50.139844],[14.520124,50.139844],[14.520124,50.139843],[14.520092,50.139764],[14.520081,50.139786],[14.52012,50.140088],[14.520187,50.140158],[14.52027,50.140184]]]}},{"type":"Feature","id":"miroslava-hajna-9e02","properties":{"id":"miroslava-hajna-9e02","label":"Miroslava Hajna: Pavla Beneše - Škrábkových","street":"Miroslava Hajna","mailboxes":65,"buildings":1,"placeholder":0},"geometry":{"type":"Polygon","coordinates":[[[14.520134,50.139839],[14.520274,50.139886],[14.520583,50.139895],[14.520687,50.139869],[14.520746,50.139817],[14.520749,50.139814],[14.520773,50.139702],[14.520774,50.139701],[14.520798,50.139659],[14.520871,50.139536],[14.520834,50.139431],[14.520797,50.139418],[14.520603,50.139346],[14.520425,50.139325],[14.520306,50.139367],[14.520213,50.13949],[14.520096,50.139745],[14.520098,50.139751],[14.520134,50.139839]]]}},{"type":"Feature","id":"miroslava-hajna-f8c4","properties":{"id":"miroslava-hajna-f8c4","label":"Miroslava Hajna: Veselská - Škrábkových","street":"Miroslava Hajna","mailboxes":98,"buildings":2,"placeholder":0},"geometry":{"type":"Polygon","coordinates":[[[14.521166,50.140625],[14.521144,50.140531],[14.521144,50.14053],[14.521172,50.140444],[14.521106,50.140345],[14.520884,50.140327],[14.520883,50.140327],[14.520883,50.140326],[14.520882,50.140326],[14.520738,50.140288],[14.520651,50.140311],[14.520587,50.140379],[14.520586,50.14038],[14.520585,50.14038],[14.520585,50.140381],[14.520584,50.140381],[14.520478,50.140403],[14.520477,50.140403],[14.520476,50.140403],[14.520475,50.140403],[14.520474,50.140403],[14.520473,50.140403],[14.520364,50.140354],[14.520273,50.140343],[14.520037,50.140381],[14.519961,50.140414],[14.519915,50.140512],[14.520047,50.140782],[14.520047,50.140783],[14.520048,50.140783],[14.520048,50.140784],[14.520044,50.140804],[14.520177,50.140861],[14.520857,50.140768],[14.521119,50.140688],[14.521166,50.140625]]]}},{"type":"Feature","id":"mistecka-448-453","properties":{"id":"mistecka-448-453","label":"Místecká: Krausova - Jablunkovská","street":"Místecká","mailboxes":186,"buildings":6,"placeholder":0},"geometry":{"type":"Polygon","coordinates":[[[14.507427,50.140124],[14.505856,50.140332],[14.505777,50.140357],[14.505722,50.140405],[14.505709,50.140465],[14.505756,50.140597],[14.505865,50.14067],[14.505963,50.140677],[14.50773,50.140437],[14.507799,50.140397],[14.507828,50.14034],[14.507765,50.140166],[14.507727,50.140143],[14.507681,50.140116],[14.507559,50.140106],[14.507427,50.140124]]]}},{"type":"Feature","id":"mistecka","properties":{"id":"mistecka","label":"Místecká: Jančova - Krausova","street":"Místecká","mailboxes":65,"buildings":3,"placeholder":0},"geometry":{"type":"Polygon","coordinates":[[[14.509169,50.140579],[14.509124,50.140381],[14.509052,50.140338],[14.508963,50.140324],[14.508105,50.140387],[14.50802,50.140468],[14.508036,50.140637],[14.508088,50.140692],[14.508256,50.140681],[14.508257,50.140681],[14.508258,50.140681],[14.50835,50.140697],[14.508351,50.140697],[14.508352,50.140697],[14.508352,50.140698],[14.508353,50.140698],[14.508415,50.140743],[14.508911,50.140713],[14.508958,50.1407],[14.508959,50.1407],[14.50896,50.1407],[14.50897,50.140699],[14.509081,50.140672],[14.509169,50.140579]]]}},{"type":"Feature","id":"mistecka-8612","properties":{"id":"mistecka-8612","label":"Místecká: Jančova - Jablunkovská","street":"Místecká","mailboxes":5,"buildings":4,"placeholder":2},"geometry":{"type":"Polygon","coordinates":[[[14.508983,50.140011],[14.508969,50.140177],[14.509034,50.140257],[14.509135,50.140286],[14.509358,50.140285],[14.509442,50.140261],[14.509498,50.140216],[14.509499,50.140215],[14.5095,50.140215],[14.509501,50.140215],[14.509501,50.140214],[14.509502,50.140214],[14.509503,50.140214],[14.509504,50.140214],[14.50961,50.140224],[14.509711,50.140192],[14.509825,50.140097],[14.50985,50.140045],[14.509826,50.139975],[14.509753,50.139927],[14.509752,50.139927],[14.509752,50.139926],[14.509752,50.139925],[14.509752,50.139924],[14.509752,50.139923],[14.509753,50.139923],[14.509753,50.139922],[14.509754,50.139922],[14.509755,50.139921],[14.509892,50.139888],[14.509993,50.139785],[14.510006,50.139582],[14.509954,50.139511],[14.509815,50.139472],[14.509787,50.139473],[14.509639,50.139475],[14.509547,50.139506],[14.509498,50.139556],[14.509487,50.139625],[14.509487,50.139626],[14.509487,50.139627],[14.509389,50.139722],[14.509406,50.13982],[14.509406,50.139821],[14.509406,50.139822],[14.509405,50.139822],[14.509405,50.139823],[14.509404,50.139823],[14.509323,50.139857],[14.509237,50.139933],[14.509237,50.139934],[14.509236,50.139934],[14.509235,50.139934],[14.509235,50.139935],[14.509234,50.139935],[14.509073,50.139948],[14.508983,50.140011]]]}},{"type":"Feature","id":"mistecka-438-438","properties":{"id":"mistecka-438-438","label":"Místecká: Kladrubská - Jablunkovská","street":"Místecká","mailboxes":72,"buildings":1,"placeholder":0},"geometry":{"type":"Polygon","coordinates":[[[14.509472,50.139044],[14.509545,50.139117],[14.509644,50.139141],[14.509997,50.139151],[14.510078,50.139123],[14.510134,50.139067],[14.510161,50.138805],[14.51011,50.138746],[14.51003,50.138716],[14.509637,50.138701],[14.509511,50.138767],[14.509472,50.139044]]]}},{"type":"Feature","id":"nepomuckych","properties":{"id":"nepomuckych","label":"Nepomuckých: Beranových - Chebská","street":"Nepomuckých","mailboxes":207,"buildings":3,"placeholder":0},"geometry":{"type":"Polygon","coordinates":[[[14.51771,50.137831],[14.517709,50.137831],[14.517708,50.137831],[14.517707,50.137831],[14.517707,50.13783],[14.517593,50.137762],[14.517526,50.137797],[14.517525,50.137797],[14.517524,50.137797],[14.517523,50.137797],[14.517233,50.137823],[14.517119,50.137892],[14.51714,50.138126],[14.517243,50.138208],[14.517333,50.13822],[14.517448,50.138212],[14.517494,50.138197],[14.517495,50.138197],[14.517496,50.138197],[14.517497,50.138197],[14.51771,50.138187],[14.517808,50.138151],[14.517809,50.138151],[14.51781,50.138151],[14.517811,50.138151],[14.517812,50.138151],[14.517813,50.138151],[14.517924,50.138173],[14.518279,50.138151],[14.518367,50.138128],[14.518399,50.138103],[14.518386,50.138101],[14.518385,50.1381],[14.518384,50.1381],[14.518383,50.138099],[14.518325,50.138036],[14.518325,50.138035],[14.51829,50.137834],[14.51829,50.137833],[14.51829,50.137832],[14.518195,50.137843],[14.51806,50.137858],[14.518059,50.137858],[14.518058,50.137858],[14.518057,50.137858],[14.517937,50.137832],[14.517921,50.137832],[14.51771,50.137831]]]}},{"type":"Feature","id":"nepomuckych-caca","properties":{"id":"nepomuckych-caca","label":"Nepomuckých: Ašská - Chebská","street":"Nepomuckých","mailboxes":69,"buildings":1,"placeholder":0},"geometry":{"type":"Polygon","coordinates":[[[14.518301,50.137834],[14.518336,50.138033],[14.518391,50.138094],[14.518411,50.138098],[14.518543,50.138126],[14.518891,50.138103],[14.518993,50.138066],[14.519042,50.137969],[14.519008,50.137791],[14.518962,50.137742],[14.518952,50.13773],[14.518821,50.137697],[14.518559,50.137719],[14.518435,50.137729],[14.518428,50.137732],[14.518343,50.137768],[14.518305,50.137829],[14.518301,50.137834]]]}},{"type":"Feature","id":"nepomuckych-3baf","properties":{"id":"nepomuckych-3baf","label":"Nepomuckých: Ašská - Klenečská","street":"Nepomuckých","mailboxes":46,"buildings":1,"placeholder":0},"geometry":{"type":"Polygon","coordinates":[[[14.519493,50.137654],[14.519493,50.137655],[14.519493,50.137656],[14.519492,50.137656],[14.519432,50.137726],[14.519431,50.137727],[14.51943,50.137727],[14.519421,50.137731],[14.519453,50.137764],[14.519454,50.137764],[14.519454,50.137765],[14.519454,50.137766],[14.519454,50.137767],[14.519425,50.137847],[14.519425,50.137848],[14.519424,50.137849],[14.519423,50.137849],[14.519314,50.137893],[14.519314,50.137894],[14.519313,50.137894],[14.519312,50.137894],[14.519311,50.137894],[14.51931,50.137894],[14.519185,50.137876],[14.519184,50.137875],[14.519183,50.137875],[14.519182,50.137875],[14.519182,50.137874],[14.519181,50.137874],[14.519113,50.137804],[14.519112,50.137804],[14.519112,50.137803],[14.519112,50.137802],[14.519112,50.137801],[14.519121,50.137775],[14.519115,50.137776],[14.519114,50.137776],[14.519113,50.137776],[14.519112,50.137775],[14.518989,50.137728],[14.51898,50.137732],[14.518973,50.13774],[14.519018,50.137788],[14.519018,50.137789],[14.519019,50.137789],[14.519019,50.13779],[14.519054,50.137969],[14.519054,50.13797],[14.519053,50.13797],[14.519022,50.138032],[14.519135,50.138073],[14.51957,50.138042],[14.519671,50.137965],[14.519644,50.137939],[14.519643,50.137939],[14.519643,50.137938],[14.519606,50.137733],[14.519606,50.137732],[14.519607,50.137731],[14.519623,50.137714],[14.51959,50.137682],[14.51951,50.137653],[14.519493,50.137654]]]}},{"type":"Feature","id":"nepomuckych-735b","properties":{"id":"nepomuckych-735b","label":"Nepomuckých: Klenečská - Ašská","street":"Nepomuckých","mailboxes":46,"buildings":1,"placeholder":0},"geometry":{"type":"MultiPolygon","coordinates":[[[[14.5197,50.137644],[14.519668,50.137679],[14.519617,50.137734],[14.519654,50.137936],[14.519682,50.137963],[14.519716,50.137995],[14.519818,50.138022],[14.520269,50.13798],[14.520352,50.137886],[14.520296,50.137676],[14.520289,50.13765],[14.520221,50.137611],[14.520131,50.137597],[14.520067,50.137604],[14.5197,50.137644]]],[[[14.519124,50.137802],[14.51919,50.137869],[14.51931,50.137886],[14.519415,50.137844],[14.519442,50.137766],[14.519376,50.137699],[14.519256,50.137682],[14.519151,50.137724],[14.519134,50.137772],[14.519124,50.137802]]]]}},{"type":"Feature","id":"nepomuckych-19-19","properties":{"id":"nepomuckych-19-19","label":"Nepomuckých: Klenečská - Ašská","street":"Nepomuckých","mailboxes":45,"buildings":1,"placeholder":0},"geometry":{"type":"Polygon","coordinates":[[[14.520335,50.137438],[14.520413,50.137504],[14.520531,50.137523],[14.520777,50.137492],[14.520844,50.137459],[14.520783,50.137426],[14.520679,50.137483],[14.520678,50.137483],[14.520677,50.137483],[14.520676,50.137484],[14.520675,50.137484],[14.520539,50.13747],[14.520538,50.13747],[14.520537,50.13747],[14.520536,50.137469],[14.520535,50.137469],[14.520462,50.137401],[14.520462,50.1374],[14.520461,50.137399],[14.520461,50.137398],[14.520485,50.137317],[14.520485,50.137316],[14.520486,50.137315],[14.520487,50.137315],[14.520487,50.137314],[14.520593,50.137268],[14.520593,50.137267],[14.520594,50.137267],[14.520595,50.137267],[14.520596,50.137267],[14.520597,50.137267],[14.520718,50.137282],[14.520676,50.137109],[14.520676,50.137108],[14.520677,50.137108],[14.520677,50.137107],[14.520727,50.137056],[14.520631,50.13704],[14.520385,50.137071],[14.520297,50.137115],[14.520262,50.137186],[14.520335,50.137438]]]}},{"type":"Feature","id":"nepomuckych-16-16","properties":{"id":"nepomuckych-16-16","label":"Nepomuckých: Klenečská - Ašská","street":"Nepomuckých","mailboxes":94,"buildings":1,"placeholder":0},"geometry":{"type":"Polygon","coordinates":[[[14.52035,50.13802],[14.520448,50.138043],[14.520817,50.138016],[14.520904,50.137993],[14.520936,50.137952],[14.520891,50.137932],[14.52089,50.137932],[14.52089,50.137931],[14.520889,50.137931],[14.520889,50.13793],[14.520888,50.13793],[14.520888,50.137929],[14.520829,50.137702],[14.520829,50.137701],[14.520829,50.1377],[14.520859,50.137642],[14.520859,50.137641],[14.52086,50.137641],[14.520864,50.137638],[14.520842,50.137626],[14.520752,50.137613],[14.520313,50.137668],[14.520307,50.137676],[14.520364,50.137886],[14.520364,50.137887],[14.520363,50.137887],[14.520363,50.137888],[14.520289,50.137971],[14.52035,50.13802]]]}},{"type":"Feature","id":"nepomuckych-14-14","properties":{"id":"nepomuckych-14-14","label":"Nepomuckých: Klenečská - Kramolínská","street":"Nepomuckých","mailboxes":94,"buildings":1,"placeholder":0},"geometry":{"type":"Polygon","coordinates":[[[14.521388,50.137557],[14.520936,50.137604],[14.520877,50.137641],[14.520869,50.137645],[14.52084,50.137702],[14.520899,50.137927],[14.520947,50.137948],[14.521032,50.137987],[14.521267,50.137966],[14.521334,50.13794],[14.521334,50.137939],[14.521335,50.137939],[14.521336,50.137939],[14.521526,50.13792],[14.521527,50.13792],[14.521528,50.13792],[14.521529,50.137921],[14.521533,50.137921],[14.521585,50.137889],[14.521605,50.137827],[14.521546,50.137618],[14.521477,50.137573],[14.521471,50.137572],[14.521388,50.137557]]]}},{"type":"Feature","id":"nepomuckych-9-15","properties":{"id":"nepomuckych-9-15","label":"Nepomuckých: Kramolínská - Klenečská","street":"Nepomuckých","mailboxes":202,"buildings":4,"placeholder":0},"geometry":{"type":"Polygon","coordinates":[[[14.520674,50.137476],[14.520779,50.137419],[14.52078,50.137419],[14.520781,50.137418],[14.520782,50.137418],[14.520783,50.137418],[14.520784,50.137418],[14.520785,50.137418],[14.520786,50.137419],[14.520787,50.137419],[14.520856,50.137456],[14.520866,50.137461],[14.520964,50.137471],[14.521233,50.137438],[14.521323,50.137403],[14.521324,50.137403],[14.521324,50.137402],[14.521325,50.137402],[14.521326,50.137402],[14.521327,50.137402],[14.521431,50.137414],[14.521727,50.137375],[14.521728,50.137375],[14.521729,50.137375],[14.52173,50.137375],[14.521731,50.137375],[14.521731,50.137376],[14.521732,50.137376],[14.521794,50.137423],[14.521887,50.137445],[14.522195,50.137412],[14.522274,50.137383],[14.522275,50.137383],[14.522276,50.137383],[14.522277,50.137383],[14.522278,50.137383],[14.522415,50.1374],[14.522723,50.137353],[14.522786,50.137311],[14.522811,50.137249],[14.522717,50.136922],[14.522658,50.136862],[14.522512,50.136833],[14.522333,50.136855],[14.522334,50.136858],[14.522334,50.136859],[14.522334,50.13686],[14.522287,50.136939],[14.522286,50.13694],[14.522285,50.136941],[14.522284,50.136941],[14.522188,50.13698],[14.522187,50.13698],[14.522187,50.136981],[14.522186,50.136981],[14.521575,50.137056],[14.521574,50.137056],[14.521573,50.137056],[14.52141,50.137027],[14.521409,50.137027],[14.521408,50.137027],[14.521408,50.137026],[14.521407,50.137026],[14.521346,50.136964],[14.521345,50.136963],[14.521341,50.136943],[14.521299,50.136949],[14.521307,50.136998],[14.521307,50.136999],[14.521307,50.137],[14.521256,50.137086],[14.521255,50.137087],[14.521254,50.137087],[14.521254,50.137088],[14.521168,50.137123],[14.521167,50.137123],[14.521166,50.137123],[14.520953,50.137143],[14.520952,50.137143],[14.520951,50.137143],[14.520797,50.137111],[14.520796,50.137111],[14.520795,50.137111],[14.520795,50.13711],[14.520794,50.13711],[14.520742,50.137055],[14.520741,50.137055],[14.520688,50.137109],[14.52073,50.137286],[14.52073,50.137287],[14.52073,50.137288],[14.520729,50.137289],[14.520728,50.137289],[14.520727,50.13729],[14.520726,50.13729],[14.520725,50.13729],[14.520724,50.13729],[14.520597,50.137274],[14.520495,50.137319],[14.520473,50.137398],[14.520543,50.137463],[14.520674,50.137476]]]}},{"type":"Feature","id":"nepomuckych-12-12","properties":{"id":"nepomuckych-12-12","label":"Nepomuckých: Kramolínská - Klenečská","street":"Nepomuckých","mailboxes":94,"buildings":1,"placeholder":0},"geometry":{"type":"Polygon","coordinates":[[[14.521484,50.137568],[14.521555,50.137614],[14.521556,50.137615],[14.521556,50.137616],[14.521557,50.137616],[14.521616,50.137827],[14.521616,50.137828],[14.521596,50.137892],[14.521595,50.137893],[14.521595,50.137894],[14.521594,50.137894],[14.521559,50.137916],[14.521598,50.137933],[14.521603,50.137935],[14.521607,50.137935],[14.522042,50.1379],[14.522113,50.137854],[14.522088,50.137845],[14.522087,50.137845],[14.522086,50.137845],[14.522086,50.137844],[14.522085,50.137844],[14.52204,50.13778],[14.522039,50.137779],[14.522008,50.137575],[14.522008,50.137574],[14.522009,50.137574],[14.522009,50.137573],[14.522042,50.137532],[14.522033,50.137526],[14.521939,50.137507],[14.521507,50.137553],[14.521483,50.137567],[14.521484,50.137568]]]}},{"type":"Feature","id":"nepomuckych-e4a8","properties":{"id":"nepomuckych-e4a8","label":"Nepomuckých: Kramolínská - Klenečská + Toužimská","street":"Nepomuckých","mailboxes":62,"buildings":5,"placeholder":0},"geometry":{"type":"Polygon","coordinates":[[[14.521376,50.136598],[14.521425,50.136652],[14.521503,50.136682],[14.521504,50.136683],[14.521505,50.136683],[14.521505,50.136684],[14.521506,50.136684],[14.521506,50.136685],[14.521506,50.136686],[14.521506,50.136687],[14.521505,50.136687],[14.521505,50.136688],[14.521504,50.136688],[14.521503,50.136688],[14.521503,50.136689],[14.521502,50.136689],[14.521383,50.136719],[14.521318,50.136791],[14.521356,50.136961],[14.521415,50.137021],[14.521574,50.137049],[14.522183,50.136974],[14.522277,50.136936],[14.522323,50.136859],[14.522322,50.136852],[14.522289,50.136726],[14.522289,50.136725],[14.522289,50.136724],[14.52229,50.136724],[14.52229,50.136723],[14.522376,50.136667],[14.522401,50.136607],[14.522373,50.136543],[14.522256,50.13645],[14.522112,50.136422],[14.522111,50.136421],[14.52211,50.136421],[14.522109,50.13642],[14.522032,50.136349],[14.521916,50.136325],[14.521495,50.136404],[14.521399,50.136458],[14.521358,50.136521],[14.521376,50.136598]]]}},{"type":"Feature","id":"nepomuckych-10-10","properties":{"id":"nepomuckych-10-10","label":"Nepomuckých: Kramolínská - Klenečská","street":"Nepomuckých","mailboxes":94,"buildings":1,"placeholder":0},"geometry":{"type":"Polygon","coordinates":[[[14.52202,50.137575],[14.52205,50.137778],[14.522095,50.137839],[14.522125,50.13785],[14.522213,50.137881],[14.52265,50.137844],[14.522752,50.137762],[14.522711,50.137532],[14.522659,50.137483],[14.522577,50.137455],[14.522145,50.137488],[14.522062,50.137523],[14.522054,50.137533],[14.52202,50.137575]]]}},{"type":"Feature","id":"novosvetska","properties":{"id":"novosvetska","label":"Novosvětská: Trutnovská - Žamberská","street":"Novosvětská","mailboxes":7,"buildings":5,"placeholder":0},"geometry":{"type":"Polygon","coordinates":[[[14.507978,50.146323],[14.507979,50.146323],[14.507979,50.146324],[14.50798,50.146324],[14.508016,50.146398],[14.508016,50.146399],[14.508016,50.1464],[14.507972,50.1465],[14.507989,50.146551],[14.507989,50.146552],[14.507989,50.146553],[14.507988,50.146554],[14.507987,50.146555],[14.5079,50.146601],[14.507868,50.146668],[14.507926,50.146814],[14.508073,50.146869],[14.508074,50.14687],[14.508075,50.14687],[14.508075,50.146871],[14.508101,50.146913],[14.508105,50.14692],[14.508182,50.146956],[14.508183,50.146956],[14.508183,50.146957],[14.508184,50.146957],[14.508196,50.146973],[14.508201,50.146976],[14.508346,50.146999],[14.508549,50.146964],[14.508622,50.146912],[14.508638,50.146842],[14.50836,50.146111],[14.508208,50.146068],[14.507961,50.146119],[14.507937,50.146151],[14.507897,50.146202],[14.507942,50.146303],[14.507978,50.146323]]]}},{"type":"Feature","id":"nydecka-442-447","properties":{"id":"nydecka-442-447","label":"Nýdecká: Fryčovická - Krausova","street":"Nýdecká","mailboxes":192,"buildings":6,"placeholder":0},"geometry":{"type":"Polygon","coordinates":[[[14.507147,50.138854],[14.507099,50.138935],[14.507392,50.140085],[14.507428,50.140116],[14.507558,50.140099],[14.507559,50.140099],[14.507684,50.140109],[14.507685,50.140109],[14.507686,50.140109],[14.507687,50.140109],[14.507688,50.14011],[14.507733,50.140137],[14.507805,50.14013],[14.507896,50.140078],[14.507921,50.140005],[14.507643,50.138897],[14.507581,50.138825],[14.507436,50.138795],[14.507235,50.138818],[14.507234,50.138818],[14.507147,50.138854]]]}},{"type":"Feature","id":"opocenska","properties":{"id":"opocenska","label":"Opočenská: Broumovská - Hořická","street":"Opočenská","mailboxes":8,"buildings":6,"placeholder":0},"geometry":{"type":"Polygon","coordinates":[[[14.508821,50.12768],[14.508928,50.127652],[14.508966,50.12762],[14.509049,50.12755],[14.509049,50.12746],[14.508657,50.127221],[14.508656,50.127221],[14.508656,50.12722],[14.508655,50.12722],[14.508655,50.127219],[14.508655,50.127218],[14.508655,50.127217],[14.508656,50.127217],[14.508656,50.127216],[14.508657,50.127216],[14.508658,50.127215],[14.508762,50.127171],[14.508973,50.127012],[14.508973,50.126934],[14.508873,50.126825],[14.508734,50.126784],[14.508497,50.126856],[14.508496,50.126856],[14.508495,50.126856],[14.508494,50.126856],[14.508493,50.126856],[14.508492,50.126856],[14.508491,50.126856],[14.508407,50.126822],[14.508304,50.12682],[14.50815,50.126875],[14.508082,50.12693],[14.508081,50.12693],[14.50808,50.12693],[14.50808,50.126931],[14.507846,50.126999],[14.507783,50.127057],[14.507785,50.127136],[14.507893,50.127248],[14.508014,50.127285],[14.508015,50.127286],[14.508016,50.127286],[14.508079,50.127344],[14.508702,50.127662],[14.508821,50.12768]]]}},{"type":"Feature","id":"ostravska","properties":{"id":"ostravska","label":"Ostravská x Kopřivnická","street":"Ostravská","mailboxes":165,"buildings":8,"placeholder":0},"geometry":{"type":"Polygon","coordinates":[[[14.515515,50.138677],[14.515747,50.138656],[14.515839,50.138622],[14.515855,50.138604],[14.515887,50.138567],[14.515899,50.138469],[14.515861,50.13832],[14.515843,50.138248],[14.515843,50.138247],[14.515843,50.138246],[14.515844,50.138246],[14.515844,50.138245],[14.515845,50.138245],[14.515846,50.138244],[14.515847,50.138244],[14.515848,50.138244],[14.516037,50.138226],[14.516153,50.138186],[14.516363,50.138092],[14.516416,50.138024],[14.51634,50.137722],[14.516256,50.137553],[14.516152,50.13745],[14.515991,50.137425],[14.515769,50.137471],[14.515695,50.137507],[14.515653,50.137597],[14.515745,50.137864],[14.515745,50.137865],[14.515745,50.137866],[14.515744,50.137866],[14.515744,50.137867],[14.515743,50.137867],[14.515742,50.137868],[14.515741,50.137868],[14.515444,50.137913],[14.515211,50.138014],[14.515157,50.138093],[14.515319,50.138582],[14.515371,50.138642],[14.515515,50.138677]]]}},{"type":"Feature","id":"ostravska-2019","properties":{"id":"ostravska-2019","label":"Ostravská x Kopřivnická","street":"Ostravská","mailboxes":192,"buildings":12,"placeholder":0},"geometry":{"type":"Polygon","coordinates":[[[14.51566,50.139446],[14.515764,50.13948],[14.515936,50.139488],[14.515952,50.139477],[14.515952,50.139476],[14.515953,50.139476],[14.515954,50.139476],[14.516102,50.139433],[14.516103,50.139433],[14.516104,50.139433],[14.516322,50.139423],[14.516323,50.139423],[14.516324,50.139423],[14.516325,50.139423],[14.516414,50.13945],[14.516415,50.13945],[14.516416,50.139451],[14.516554,50.139542],[14.516554,50.139543],[14.516555,50.139543],[14.516601,50.139596],[14.516601,50.139597],[14.516602,50.139597],[14.516602,50.139598],[14.516601,50.139666],[14.516601,50.139667],[14.5166,50.139667],[14.516543,50.139727],[14.516668,50.139689],[14.516695,50.139641],[14.516674,50.139633],[14.516673,50.139633],[14.516673,50.139632],[14.516672,50.139632],[14.516672,50.139631],[14.516627,50.139564],[14.516626,50.139564],[14.516626,50.139563],[14.516627,50.139399],[14.516627,50.139398],[14.516627,50.139397],[14.516628,50.139397],[14.51665,50.13938],[14.516581,50.139181],[14.516475,50.139115],[14.516264,50.139097],[14.516263,50.139097],[14.516262,50.139096],[14.516261,50.139096],[14.51626,50.139096],[14.51626,50.139095],[14.516259,50.139094],[14.516259,50.139093],[14.516259,50.139092],[14.51626,50.139092],[14.51626,50.139091],[14.516261,50.139091],[14.516262,50.13909],[14.516263,50.13909],[14.516639,50.138993],[14.516728,50.138918],[14.516692,50.13875],[14.516692,50.138749],[14.516708,50.138665],[14.516646,50.138491],[14.516568,50.138395],[14.516459,50.13836],[14.516459,50.138359],[14.516458,50.138359],[14.516457,50.138359],[14.516457,50.138358],[14.516383,50.138281],[14.516299,50.138258],[14.515873,50.138322],[14.51591,50.138468],[14.51591,50.138469],[14.515898,50.138568],[14.515898,50.138569],[14.515897,50.138569],[14.515897,50.13857],[14.515866,50.138605],[14.515901,50.138636],[14.516056,50.138659],[14.516057,50.138659],[14.516058,50.13866],[14.516059,50.13866],[14.516059,50.138661],[14.51606,50.138661],[14.51606,50.138662],[14.516069,50.138688],[14.516069,50.138689],[14.516069,50.13869],[14.516068,50.138691],[14.516067,50.138692],[14.516066,50.138692],[14.516065,50.138692],[14.516064,50.138692],[14.51592,50.138697],[14.515828,50.138737],[14.515827,50.138737],[14.515826,50.138738],[14.515579,50.138783],[14.515509,50.138847],[14.515481,50.139039],[14.515612,50.139396],[14.515626,50.13941],[14.51566,50.139446]]]}},{"type":"Feature","id":"ostravska-c2d5","properties":{"id":"ostravska-c2d5","label":"Ostravská x Kopřivnická","street":"Ostravská","mailboxes":3,"buildings":1,"placeholder":0},"geometry":{"type":"Polygon","coordinates":[[[14.516774,50.139666],[14.517172,50.139653],[14.517243,50.139615],[14.517277,50.139564],[14.517255,50.139374],[14.517196,50.139329],[14.51711,50.139306],[14.516739,50.139324],[14.516638,50.1394],[14.516637,50.139562],[14.516681,50.139627],[14.516774,50.139666]]]}},{"type":"Feature","id":"pavla-benese","properties":{"id":"pavla-benese","label":"Pavla Beneše: Beranových - Miroslava Hajna","street":"Pavla Beneše","mailboxes":125,"buildings":2,"placeholder":0},"geometry":{"type":"Polygon","coordinates":[[[14.517912,50.138574],[14.51797,50.138491],[14.517952,50.138293],[14.517893,50.138224],[14.517753,50.138192],[14.517499,50.138204],[14.517452,50.138219],[14.5174,50.138236],[14.517342,50.138323],[14.517376,50.138641],[14.517382,50.138649],[14.517378,50.13857],[14.517378,50.138569],[14.517378,50.138568],[14.517379,50.138567],[14.517506,50.138496],[14.517507,50.138495],[14.517508,50.138495],[14.517509,50.138495],[14.517804,50.138494],[14.517805,50.138494],[14.517806,50.138494],[14.517807,50.138495],[14.517808,50.138495],[14.517907,50.138557],[14.517908,50.138558],[14.517908,50.138559],[14.517911,50.138574],[14.517912,50.138574]]]}},{"type":"Feature","id":"pavla-benese-984c","properties":{"id":"pavla-benese-984c","label":"Pavla Beneše: Beranových - Miroslava Hajna","street":"Pavla Beneše","mailboxes":31,"buildings":1,"placeholder":0},"geometry":{"type":"Polygon","coordinates":[[[14.517832,50.139163],[14.517944,50.139096],[14.51795,50.138947],[14.51795,50.138946],[14.517951,50.138945],[14.518009,50.138869],[14.518001,50.138767],[14.517924,50.138685],[14.517924,50.138684],[14.517923,50.138684],[14.517897,50.138561],[14.517801,50.138501],[14.517511,50.138502],[14.517389,50.138571],[14.51742,50.139071],[14.517439,50.139094],[14.51748,50.139144],[14.517598,50.139176],[14.517832,50.139163]]]}},{"type":"Feature","id":"pavla-benese-7e7e","properties":{"id":"pavla-benese-7e7e","label":"Pavla Beneše: Beranových - Miroslava Hajna","street":"Pavla Beneše","mailboxes":32,"buildings":1,"placeholder":0},"geometry":{"type":"Polygon","coordinates":[[[14.51788,50.139613],[14.517991,50.139546],[14.517997,50.139397],[14.517997,50.139396],[14.517997,50.139395],[14.518055,50.13932],[14.518047,50.139217],[14.51797,50.139135],[14.51797,50.139134],[14.517969,50.139134],[14.517969,50.139133],[14.517956,50.139068],[14.517955,50.139097],[14.517955,50.139098],[14.517955,50.139099],[14.517954,50.139099],[14.517953,50.1391],[14.517839,50.139169],[14.517838,50.139169],[14.517837,50.139169],[14.517836,50.139169],[14.517836,50.13917],[14.517835,50.13917],[14.517598,50.139183],[14.517597,50.139183],[14.517596,50.139183],[14.517595,50.139183],[14.517474,50.13915],[14.517473,50.13915],[14.517472,50.139149],[14.517471,50.139149],[14.517441,50.139112],[14.517467,50.139522],[14.517527,50.139595],[14.517646,50.139627],[14.51788,50.139613]]]}},{"type":"Feature","id":"pavla-benese-410a","properties":{"id":"pavla-benese-410a","label":"Pavla Beneše: Miroslava Hajna - Beranových","street":"Pavla Beneše","mailboxes":237,"buildings":1,"placeholder":0},"geometry":{"type":"MultiPolygon","coordinates":[[[[14.519598,50.138766],[14.519475,50.138756],[14.519377,50.138805],[14.519362,50.138884],[14.519438,50.138946],[14.519561,50.138956],[14.519659,50.138907],[14.519674,50.138828],[14.519598,50.138766]]],[[[14.519412,50.138281],[14.519292,50.138264],[14.519187,50.138306],[14.51916,50.138384],[14.519226,50.138451],[14.519346,50.138468],[14.519451,50.138426],[14.519478,50.138348],[14.519412,50.138281]]],[[[14.518085,50.138786],[14.518085,50.138787],[14.518085,50.138788],[14.518036,50.139075],[14.518087,50.139258],[14.518178,50.139305],[14.518338,50.139319],[14.518638,50.139283],[14.518719,50.139205],[14.51876,50.13889],[14.51876,50.138889],[14.518761,50.138889],[14.518798,50.138816],[14.518658,50.138478],[14.518556,50.1384],[14.518454,50.138373],[14.518081,50.138439],[14.518012,50.138478],[14.51798,50.138534],[14.518085,50.138786]]]]}},{"type":"Feature","id":"pavla-benese-3-3","properties":{"id":"pavla-benese-3-3","label":"Pavla Beneše: Beranových - Miroslava Hajna","street":"Pavla Beneše","mailboxes":55,"buildings":1,"placeholder":0},"geometry":{"type":"Polygon","coordinates":[[[14.518682,50.140088],[14.518792,50.140101],[14.518847,50.140082],[14.518848,50.140082],[14.518849,50.140082],[14.51885,50.140082],[14.518915,50.140088],[14.519141,50.140026],[14.519206,50.139989],[14.519241,50.139934],[14.51923,50.139873],[14.51923,50.139872],[14.519231,50.139871],[14.519232,50.13987],[14.519329,50.139809],[14.519363,50.139755],[14.51936,50.139741],[14.519326,50.13977],[14.519326,50.139771],[14.519325,50.139771],[14.519324,50.139771],[14.519189,50.139821],[14.519188,50.139821],[14.519187,50.139821],[14.519186,50.139821],[14.519185,50.139821],[14.518559,50.139748],[14.518558,50.139748],[14.518558,50.139747],[14.518557,50.139747],[14.518556,50.139747],[14.518555,50.139746],[14.518465,50.139661],[14.518465,50.13966],[14.518464,50.13966],[14.518464,50.139659],[14.518465,50.139659],[14.518465,50.139658],[14.518492,50.139595],[14.518408,50.139699],[14.518411,50.139763],[14.518524,50.139946],[14.518682,50.140088]]]}},{"type":"Feature","id":"pavla-benese-3-3-08d2","properties":{"id":"pavla-benese-3-3-08d2","label":"Pavla Beneše: Miroslava Hajna - Beranových","street":"Pavla Beneše","mailboxes":55,"buildings":1,"placeholder":0},"geometry":{"type":"Polygon","coordinates":[[[14.519318,50.139766],[14.51936,50.13973],[14.519522,50.139593],[14.519572,50.139551],[14.519597,50.139473],[14.519553,50.139408],[14.519471,50.139372],[14.519423,50.139371],[14.519419,50.139371],[14.519401,50.13937],[14.519366,50.139369],[14.519248,50.139401],[14.519248,50.139402],[14.519247,50.139402],[14.519246,50.139402],[14.519245,50.139402],[14.519244,50.139402],[14.519243,50.139401],[14.519242,50.139401],[14.519129,50.139319],[14.518759,50.13928],[14.518672,50.139301],[14.518613,50.139341],[14.518476,50.139659],[14.518563,50.139741],[14.519185,50.139814],[14.519318,50.139766]]]}},{"type":"Feature","id":"pavla-benese-0dda","properties":{"id":"pavla-benese-0dda","label":"Pavla Beneše: Miroslava Hajna - Jana Mikuly","street":"Pavla Beneše","mailboxes":37,"buildings":1,"placeholder":0},"geometry":{"type":"Polygon","coordinates":[[[14.520794,50.138688],[14.520812,50.138677],[14.520857,50.13865],[14.520914,50.138616],[14.520922,50.138556],[14.520903,50.138552],[14.520902,50.138552],[14.520901,50.138551],[14.5209,50.138551],[14.5209,50.13855],[14.520899,50.13855],[14.520827,50.138462],[14.520826,50.138461],[14.520826,50.13846],[14.520825,50.13846],[14.520825,50.138459],[14.520833,50.138308],[14.520822,50.138279],[14.520745,50.138182],[14.520667,50.138144],[14.520475,50.138148],[14.520227,50.138224],[14.520168,50.138309],[14.520266,50.138515],[14.520266,50.138516],[14.520256,50.13856],[14.520236,50.138651],[14.520344,50.138728],[14.52044,50.138736],[14.520794,50.138688]]]}},{"type":"Feature","id":"pavla-benese-377c","properties":{"id":"pavla-benese-377c","label":"Pavla Beneše: Jana Mikuly - Miroslava Hajna","street":"Pavla Beneše","mailboxes":38,"buildings":1,"placeholder":0},"geometry":{"type":"Polygon","coordinates":[[[14.520496,50.138967],[14.520722,50.138947],[14.520783,50.138903],[14.520799,50.138869],[14.520797,50.138864],[14.520797,50.138863],[14.52081,50.138688],[14.5208,50.138694],[14.520799,50.138694],[14.520799,50.138695],[14.520798,50.138695],[14.520442,50.138744],[14.520441,50.138744],[14.52044,50.138744],[14.52034,50.138735],[14.520339,50.138735],[14.520339,50.138734],[14.520338,50.138734],[14.520337,50.138734],[14.520225,50.138655],[14.520225,50.138654],[14.520224,50.138654],[14.520224,50.138653],[14.520224,50.138652],[14.520242,50.138573],[14.520201,50.138608],[14.520172,50.138804],[14.520192,50.138885],[14.520288,50.13894],[14.520496,50.138967]]]}},{"type":"Feature","id":"pavla-benese-58bf","properties":{"id":"pavla-benese-58bf","label":"Pavla Beneše: Jana Mikuly - Miroslava Hajna","street":"Pavla Beneše","mailboxes":55,"buildings":2,"placeholder":1},"geometry":{"type":"Polygon","coordinates":[[[14.52143,50.138645],[14.521956,50.138507],[14.52203,50.13847],[14.52207,50.138405],[14.522068,50.138326],[14.522064,50.138148],[14.521986,50.138082],[14.521848,50.138062],[14.521847,50.138062],[14.521846,50.138061],[14.521845,50.138061],[14.521845,50.13806],[14.521844,50.13806],[14.521768,50.137971],[14.521607,50.137942],[14.521602,50.137943],[14.521601,50.137943],[14.5216,50.137943],[14.5216,50.137942],[14.521599,50.137942],[14.521598,50.137942],[14.521593,50.13794],[14.521527,50.137928],[14.521339,50.137946],[14.521239,50.137986],[14.521193,50.138057],[14.521192,50.138058],[14.521191,50.138058],[14.521191,50.138059],[14.52119,50.138059],[14.521189,50.138059],[14.521188,50.138059],[14.520961,50.138067],[14.520853,50.138136],[14.520844,50.138308],[14.520837,50.138459],[14.520908,50.138545],[14.52143,50.138645]]]}},{"type":"Feature","id":"pavla-benese-8326","properties":{"id":"pavla-benese-8326","label":"Pavla Beneše: Jana Mikuly - Miroslava Hajna","street":"Pavla Beneše","mailboxes":122,"buildings":4,"placeholder":2},"geometry":{"type":"Polygon","coordinates":[[[14.520925,50.138618],[14.520925,50.138619],[14.520924,50.138619],[14.520924,50.13862],[14.520923,50.13862],[14.520865,50.138655],[14.520821,50.138681],[14.520808,50.138863],[14.52081,50.138868],[14.520836,50.138936],[14.520923,50.138985],[14.521313,50.139004],[14.521449,50.138961],[14.521502,50.138856],[14.521503,50.138856],[14.521503,50.138855],[14.521504,50.138855],[14.521505,50.138854],[14.521506,50.138854],[14.521507,50.138854],[14.521969,50.13884],[14.522081,50.138794],[14.52213,50.138744],[14.522194,50.138451],[14.522174,50.138388],[14.522103,50.138339],[14.522079,50.138332],[14.522081,50.138405],[14.522081,50.138406],[14.522081,50.138407],[14.522039,50.138474],[14.522039,50.138475],[14.522038,50.138475],[14.521962,50.138513],[14.521961,50.138513],[14.521432,50.138653],[14.521431,50.138653],[14.52143,50.138653],[14.521429,50.138653],[14.521428,50.138653],[14.520933,50.138558],[14.520925,50.138618]]]}},{"type":"Feature","id":"pernickeho","properties":{"id":"pernickeho","label":"Pernického: Urubova - Škarvadova","street":"Pernického","mailboxes":9,"buildings":9,"placeholder":0},"geometry":{"type":"Polygon","coordinates":[[[14.523233,50.143713],[14.523232,50.143713],[14.523231,50.143713],[14.52323,50.143713],[14.523229,50.143713],[14.523228,50.143713],[14.523082,50.143684],[14.522831,50.143733],[14.522801,50.143775],[14.522762,50.143832],[14.52297,50.144354],[14.523031,50.144405],[14.523058,50.144412],[14.523116,50.144428],[14.523381,50.144388],[14.5234,50.144374],[14.523441,50.144343],[14.523507,50.144221],[14.523507,50.14422],[14.523508,50.14422],[14.523508,50.144219],[14.523509,50.144219],[14.52351,50.144219],[14.523511,50.144219],[14.523738,50.144183],[14.523831,50.144096],[14.523776,50.143898],[14.523737,50.143755],[14.523734,50.143752],[14.523675,50.143674],[14.523563,50.143634],[14.523337,50.143658],[14.523272,50.143692],[14.523234,50.143712],[14.523233,50.143713]]]}},{"type":"Feature","id":"prachaticka-199-213","properties":{"id":"prachaticka-199-213","label":"Prachatická: Beranových - Hronovská","street":"Prachatická","mailboxes":4,"buildings":3,"placeholder":0},"geometry":{"type":"Polygon","coordinates":[[[14.516109,50.140937],[14.51611,50.140938],[14.516111,50.140938],[14.516778,50.141139],[14.516865,50.141131],[14.517008,50.140995],[14.517004,50.140932],[14.516946,50.140876],[14.516943,50.140875],[14.516905,50.140885],[14.516904,50.140885],[14.516903,50.140885],[14.516902,50.140885],[14.516798,50.140876],[14.516797,50.140876],[14.516796,50.140876],[14.516795,50.140875],[14.51642,50.140714],[14.516419,50.140714],[14.516419,50.140713],[14.516418,50.140713],[14.516367,50.140654],[14.516232,50.140675],[14.516054,50.140847],[14.516053,50.140918],[14.516072,50.140937],[14.516109,50.140937]]]}},{"type":"Feature","id":"priborska","properties":{"id":"priborska","label":"Příborská x Chlebovická","street":"Příborská","mailboxes":69,"buildings":3,"placeholder":0},"geometry":{"type":"Polygon","coordinates":[[[14.509789,50.131018],[14.50979,50.131019],[14.509945,50.131082],[14.509946,50.131082],[14.509946,50.131083],[14.509947,50.131083],[14.509947,50.131084],[14.509993,50.131173],[14.509993,50.131174],[14.509993,50.131175],[14.509993,50.131176],[14.509912,50.131294],[14.509912,50.131295],[14.509911,50.131295],[14.50991,50.131296],[14.509779,50.131345],[14.51047,50.13148],[14.510575,50.131472],[14.510649,50.131436],[14.510732,50.131269],[14.510718,50.131216],[14.510663,50.131169],[14.509812,50.131005],[14.509766,50.131014],[14.509789,50.131018]]]}},{"type":"Feature","id":"rokycanska-246-253","properties":{"id":"rokycanska-246-253","label":"Rokycanská: Vamberská - Tvrdého","street":"Rokycanská","mailboxes":90,"buildings":8,"placeholder":0},"geometry":{"type":"Polygon","coordinates":[[[14.511243,50.138168],[14.511313,50.13813],[14.511273,50.138081],[14.511273,50.13808],[14.511273,50.138079],[14.511309,50.137973],[14.511309,50.137972],[14.51131,50.137972],[14.511311,50.137971],[14.511312,50.137971],[14.511351,50.137959],[14.511335,50.137508],[14.511335,50.137507],[14.511335,50.137506],[14.511336,50.137506],[14.511336,50.137505],[14.511337,50.137505],[14.511338,50.137504],[14.511339,50.137504],[14.512513,50.137401],[14.512525,50.137336],[14.512525,50.137335],[14.512525,50.137334],[14.512526,50.137334],[14.512588,50.137282],[14.512589,50.137281],[14.51259,50.137281],[14.512591,50.13728],[14.512742,50.137251],[14.51272,50.137136],[14.512646,50.137083],[14.512538,50.137066],[14.511084,50.137195],[14.510983,50.137265],[14.510985,50.137389],[14.510985,50.13739],[14.510984,50.137391],[14.510983,50.137391],[14.510983,50.137392],[14.510982,50.137392],[14.510884,50.13742],[14.510827,50.137472],[14.51086,50.138117],[14.510986,50.138176],[14.511243,50.138168]]]}},{"type":"Feature","id":"rychnovska-122-123","properties":{"id":"rychnovska-122-123","label":"Rychnovská: Beranových - Tvrdého","street":"Rychnovská","mailboxes":9,"buildings":6,"placeholder":0},"geometry":{"type":"Polygon","coordinates":[[[14.513675,50.135706],[14.513674,50.135706],[14.513673,50.135707],[14.513672,50.135707],[14.513671,50.135707],[14.51367,50.135706],[14.513606,50.135696],[14.513553,50.135721],[14.513552,50.135721],[14.513552,50.135722],[14.513551,50.135722],[14.51355,50.135722],[14.512574,50.135838],[14.512573,50.135838],[14.512572,50.135838],[14.512571,50.135838],[14.512516,50.135828],[14.512449,50.135887],[14.512442,50.135951],[14.5125,50.136082],[14.512566,50.136109],[14.512578,50.136084],[14.512578,50.136083],[14.512579,50.136083],[14.512579,50.136082],[14.51258,50.136082],[14.51267,50.136037],[14.512671,50.136037],[14.512671,50.136036],[14.512672,50.136036],[14.51289,50.136012],[14.512891,50.136011],[14.512892,50.136011],[14.512892,50.136012],[14.512893,50.136012],[14.512894,50.136012],[14.513029,50.136062],[14.51303,50.136062],[14.51303,50.136063],[14.513031,50.136063],[14.513031,50.136064],[14.513098,50.136174],[14.513138,50.136185],[14.51326,50.136173],[14.513358,50.13611],[14.513359,50.13611],[14.51336,50.13611],[14.513361,50.136109],[14.513362,50.136109],[14.513363,50.136109],[14.513491,50.136128],[14.513589,50.136116],[14.513674,50.136078],[14.513768,50.135992],[14.513769,50.135992],[14.513769,50.135991],[14.51377,50.135991],[14.513771,50.135991],[14.513772,50.135991],[14.513773,50.135991],[14.513774,50.135991],[14.513885,50.136009],[14.513902,50.136007],[14.513836,50.135995],[14.513835,50.135995],[14.513834,50.135995],[14.513833,50.135994],[14.513744,50.135927],[14.513743,50.135927],[14.513743,50.135926],[14.513742,50.135926],[14.513742,50.135925],[14.5137,50.135753],[14.5137,50.135752],[14.5137,50.135751],[14.513701,50.135751],[14.513746,50.135683],[14.513747,50.135683],[14.513747,50.135682],[14.513748,50.135682],[14.513813,50.135655],[14.513779,50.135658],[14.513731,50.13568],[14.513675,50.135706]]]}},{"type":"Feature","id":"rychnovska-71-72","properties":{"id":"rychnovska-71-72","label":"Rychnovská: Tvrdého - Beranových","street":"Rychnovská","mailboxes":9,"buildings":6,"placeholder":0},"geometry":{"type":"Polygon","coordinates":[[[14.512573,50.13583],[14.513547,50.135715],[14.513602,50.135689],[14.513661,50.135661],[14.513662,50.135661],[14.513663,50.135661],[14.513663,50.13566],[14.513664,50.13566],[14.513665,50.13566],[14.513666,50.135661],[14.513727,50.135673],[14.513773,50.135651],[14.513774,50.135651],[14.513775,50.135651],[14.513776,50.135651],[14.513836,50.135645],[14.513844,50.135642],[14.513845,50.135642],[14.513846,50.135642],[14.513846,50.135641],[14.513847,50.135641],[14.514007,50.13563],[14.514008,50.13563],[14.514009,50.13563],[14.51401,50.135631],[14.514035,50.135639],[14.514087,50.135612],[14.514119,50.135545],[14.514085,50.135406],[14.514022,50.13535],[14.514022,50.135349],[14.514021,50.135349],[14.514021,50.135348],[14.514021,50.135347],[14.514021,50.135346],[14.514053,50.135275],[14.514017,50.13514],[14.513954,50.13509],[14.513929,50.135084],[14.513855,50.135067],[14.513651,50.135086],[14.513563,50.13512],[14.513562,50.13512],[14.513512,50.135212],[14.513542,50.135332],[14.513613,50.135393],[14.513613,50.135394],[14.513614,50.135394],[14.513614,50.135395],[14.513614,50.135396],[14.513614,50.135397],[14.513598,50.135419],[14.513597,50.135419],[14.513597,50.13542],[14.513596,50.13542],[14.513595,50.13542],[14.513594,50.135421],[14.513593,50.135421],[14.513592,50.135421],[14.513591,50.135421],[14.513591,50.13542],[14.51359,50.13542],[14.513518,50.135398],[14.513517,50.135397],[14.513516,50.135397],[14.513407,50.1353],[14.513248,50.135286],[14.513153,50.135321],[14.513104,50.135382],[14.513103,50.135382],[14.513103,50.135383],[14.513102,50.135383],[14.513101,50.135383],[14.5131,50.135383],[14.512884,50.13539],[14.51274,50.135454],[14.512739,50.135454],[14.512738,50.135454],[14.512737,50.135454],[14.512451,50.135476],[14.512409,50.135503],[14.512428,50.135663],[14.512428,50.135664],[14.512428,50.135665],[14.512427,50.135665],[14.512377,50.135722],[14.512376,50.135722],[14.512375,50.135723],[14.512373,50.135723],[14.512401,50.135765],[14.512486,50.135815],[14.512516,50.13582],[14.512573,50.13583]]]}},{"type":"Feature","id":"rymarovska-475-475","properties":{"id":"rymarovska-475-475","label":"Rýmařovská: Rösslera-Ořovského - Havířovská","street":"Rýmařovská","mailboxes":64,"buildings":1,"placeholder":0},"geometry":{"type":"Polygon","coordinates":[[[14.506013,50.135077],[14.506325,50.135139],[14.506405,50.135136],[14.506478,50.13501],[14.506478,50.135009],[14.506479,50.135009],[14.506588,50.134949],[14.506589,50.134949],[14.50659,50.134949],[14.506591,50.134948],[14.506592,50.134948],[14.506618,50.134947],[14.506661,50.134853],[14.506654,50.134794],[14.50654,50.134718],[14.50626,50.134666],[14.506162,50.13467],[14.506055,50.134728],[14.505926,50.134949],[14.50594,50.135024],[14.506013,50.135077]]]}},{"type":"Feature","id":"rymarovska-433-435","properties":{"id":"rymarovska-433-435","label":"Rýmařovská: Rösslera-Ořovského - Havířovská","street":"Rýmařovská","mailboxes":90,"buildings":3,"placeholder":0},"geometry":{"type":"Polygon","coordinates":[[[14.506124,50.135879],[14.506703,50.135968],[14.507002,50.135993],[14.507033,50.135995],[14.507123,50.135981],[14.507191,50.135942],[14.507268,50.135767],[14.507231,50.135692],[14.507163,50.13566],[14.507141,50.13565],[14.506224,50.135536],[14.506124,50.135554],[14.506058,50.135595],[14.505993,50.135769],[14.506034,50.135839],[14.506124,50.135879]]]}},{"type":"Feature","id":"rymarovska-474-474","properties":{"id":"rymarovska-474-474","label":"Rýmařovská: Rösslera-Ořovského - Havířovská","street":"Rýmařovská","mailboxes":66,"buildings":1,"placeholder":0},"geometry":{"type":"Polygon","coordinates":[[[14.506414,50.13514],[14.506359,50.135234],[14.506373,50.135308],[14.506445,50.135362],[14.506758,50.135424],[14.506857,50.13542],[14.506947,50.135379],[14.507039,50.135261],[14.507093,50.135136],[14.507084,50.135077],[14.50697,50.135002],[14.506693,50.134951],[14.506622,50.134954],[14.506594,50.134955],[14.506488,50.135013],[14.506414,50.13514]]]}},{"type":"Feature","id":"rymarovska-430-432","properties":{"id":"rymarovska-430-432","label":"Rýmařovská: Havířovská - Vítkovická","street":"Rýmařovská","mailboxes":91,"buildings":3,"placeholder":0},"geometry":{"type":"Polygon","coordinates":[[[14.50786,50.136142],[14.507951,50.136131],[14.507991,50.136109],[14.508042,50.135922],[14.508042,50.135921],[14.508043,50.135921],[14.508043,50.13592],[14.508044,50.13592],[14.508091,50.135892],[14.508076,50.135852],[14.507988,50.135802],[14.507193,50.135665],[14.507239,50.135687],[14.50724,50.135688],[14.507241,50.135689],[14.50728,50.135766],[14.50728,50.135767],[14.50728,50.135768],[14.507202,50.135945],[14.507201,50.135946],[14.5072,50.135946],[14.5072,50.135947],[14.507129,50.135987],[14.507128,50.135988],[14.507127,50.135988],[14.507047,50.136],[14.50786,50.136142]]]}},{"type":"Feature","id":"rymarovska-385-387","properties":{"id":"rymarovska-385-387","label":"Rýmařovská: Vítkovická - Havířovská","street":"Rýmařovská","mailboxes":27,"buildings":3,"placeholder":0},"geometry":{"type":"Polygon","coordinates":[[[14.508511,50.135355],[14.508382,50.135397],[14.508315,50.135566],[14.508368,50.135654],[14.508465,50.135689],[14.509103,50.135744],[14.509259,50.135711],[14.509311,50.135654],[14.509337,50.135539],[14.509284,50.135446],[14.509187,50.135412],[14.508511,50.135355]]]}},{"type":"Feature","id":"rymarovska-360-362","properties":{"id":"rymarovska-360-362","label":"Rýmařovská: Vítkovická - Bohumínská + Šumperská","street":"Rýmařovská","mailboxes":77,"buildings":6,"placeholder":0},"geometry":{"type":"Polygon","coordinates":[[[14.50847,50.136148],[14.508532,50.13619],[14.508566,50.136213],[14.509348,50.13633],[14.509349,50.13633],[14.50935,50.13633],[14.50935,50.136331],[14.509351,50.136331],[14.509352,50.136332],[14.509352,50.136333],[14.509353,50.136334],[14.509352,50.136334],[14.509239,50.13666],[14.50931,50.136672],[14.509311,50.136672],[14.509312,50.136672],[14.509313,50.136673],[14.509371,50.136716],[14.509372,50.136717],[14.509394,50.136776],[14.509395,50.136777],[14.509394,50.136778],[14.509371,50.136836],[14.509536,50.13686],[14.509537,50.13686],[14.509537,50.136861],[14.509538,50.136861],[14.509539,50.136861],[14.509588,50.136889],[14.509605,50.136889],[14.509686,50.13686],[14.509743,50.136798],[14.509904,50.13633],[14.509854,50.136228],[14.509776,50.136196],[14.509618,50.136174],[14.509617,50.136174],[14.509616,50.136174],[14.509616,50.136173],[14.509615,50.136173],[14.509615,50.136172],[14.509614,50.136172],[14.509614,50.136171],[14.509615,50.13607],[14.509513,50.136002],[14.50872,50.135884],[14.508607,50.135891],[14.508544,50.135933],[14.508498,50.135965],[14.508457,50.13609],[14.50847,50.136148]]]}},{"type":"Feature","id":"stara-naves","properties":{"id":"stara-naves","label":"Stará náves: Tvrdého - Prachatická","street":"Stará náves","mailboxes":28,"buildings":1,"placeholder":0},"geometry":{"type":"Polygon","coordinates":[[[14.512846,50.139248],[14.512847,50.139248],[14.512847,50.139247],[14.51292,50.139177],[14.512921,50.139176],[14.512922,50.139176],[14.512922,50.139175],[14.512923,50.139175],[14.512924,50.139175],[14.513137,50.139148],[14.513139,50.139146],[14.513156,50.139038],[14.51311,50.138936],[14.512979,50.138886],[14.512579,50.138852],[14.512462,50.138876],[14.51239,50.138945],[14.512351,50.139132],[14.512365,50.139165],[14.512381,50.1392],[14.512542,50.13927],[14.512578,50.139274],[14.512841,50.139297],[14.512846,50.139249],[14.512846,50.139248]]]}},{"type":"Feature","id":"terezinska-701-701","properties":{"id":"terezinska-701-701","label":"Terezínská: Bechlínská - Zlonická","street":"Terezínská","mailboxes":71,"buildings":1,"placeholder":0},"geometry":{"type":"Polygon","coordinates":[[[14.503891,50.127225],[14.503811,50.127182],[14.503511,50.127119],[14.503361,50.127137],[14.503295,50.127189],[14.503291,50.127192],[14.503103,50.12757],[14.503113,50.127645],[14.503199,50.127706],[14.503533,50.127767],[14.503664,50.127747],[14.503734,50.127692],[14.503912,50.127336],[14.50391,50.127331],[14.503902,50.12731],[14.503902,50.127309],[14.503902,50.127308],[14.503907,50.127297],[14.503891,50.127225]]]}},{"type":"Feature","id":"terezinska-701-701-e5b6","properties":{"id":"terezinska-701-701-e5b6","label":"Terezínská: Bechlínská - Zlonická","street":"Terezínská","mailboxes":72,"buildings":1,"placeholder":0},"geometry":{"type":"Polygon","coordinates":[[[14.503504,50.126774],[14.503305,50.12717],[14.503354,50.127131],[14.503355,50.127131],[14.503356,50.127131],[14.503356,50.12713],[14.503357,50.12713],[14.503511,50.127112],[14.503512,50.127112],[14.503513,50.127112],[14.503816,50.127175],[14.503817,50.127175],[14.503818,50.127176],[14.5039,50.12722],[14.503901,50.127221],[14.503901,50.127222],[14.503902,50.127222],[14.503915,50.127281],[14.504049,50.127001],[14.50405,50.127],[14.504081,50.126979],[14.504121,50.126897],[14.504065,50.12681],[14.503656,50.126713],[14.503568,50.126731],[14.503504,50.126774]]]}},{"type":"Feature","id":"terezinska-7-7","properties":{"id":"terezinska-7-7","label":"Terezínská: Bechlínská - Zlonická","street":"Terezínská","mailboxes":48,"buildings":1,"placeholder":0},"geometry":{"type":"Polygon","coordinates":[[[14.503913,50.127309],[14.503921,50.127329],[14.503923,50.127335],[14.503936,50.127367],[14.503993,50.127408],[14.504404,50.127477],[14.50452,50.127434],[14.50468,50.127123],[14.504657,50.127065],[14.504595,50.127022],[14.504227,50.126939],[14.504127,50.126958],[14.50409,50.126983],[14.504059,50.127004],[14.503918,50.127299],[14.503913,50.127309]]]}},{"type":"Feature","id":"touzimska","properties":{"id":"touzimska","label":"Toužimská: Beranových - Chebská","street":"Toužimská","mailboxes":2,"buildings":2,"placeholder":0},"geometry":{"type":"Polygon","coordinates":[[[14.516394,50.137171],[14.516659,50.137138],[14.516724,50.137058],[14.516725,50.137058],[14.516725,50.137057],[14.516726,50.137057],[14.516727,50.137057],[14.516817,50.137032],[14.516819,50.137028],[14.516727,50.136689],[14.51659,50.13664],[14.516381,50.136671],[14.516323,50.136715],[14.516304,50.136779],[14.516304,50.13678],[14.516303,50.136781],[14.516302,50.136781],[14.516191,50.136837],[14.516211,50.136889],[14.516211,50.13689],[14.516211,50.136891],[14.516211,50.136892],[14.51616,50.136971],[14.516149,50.137088],[14.51626,50.137154],[14.516394,50.137171]]]}},{"type":"Feature","id":"touzimska-53-670","properties":{"id":"touzimska-53-670","label":"Toužimská: Beranových - Chebská","street":"Toužimská","mailboxes":37,"buildings":4,"placeholder":0},"geometry":{"type":"Polygon","coordinates":[[[14.516808,50.137438],[14.517037,50.13744],[14.517087,50.13744],[14.517132,50.137417],[14.517222,50.137371],[14.517222,50.13737],[14.517223,50.13737],[14.517224,50.13737],[14.517225,50.13737],[14.517355,50.137367],[14.517433,50.137343],[14.517434,50.137343],[14.517435,50.137343],[14.517436,50.137343],[14.517437,50.137343],[14.517438,50.137343],[14.517439,50.137343],[14.517439,50.137344],[14.51744,50.137344],[14.51744,50.137345],[14.517442,50.137346],[14.517491,50.137401],[14.517568,50.137431],[14.517817,50.137425],[14.51791,50.137402],[14.517971,50.137356],[14.51799,50.137297],[14.517934,50.137026],[14.517891,50.136974],[14.517793,50.136929],[14.517694,50.136919],[14.5174,50.136954],[14.517399,50.136954],[14.517398,50.136954],[14.517397,50.136954],[14.517396,50.136954],[14.517395,50.136954],[14.517395,50.136953],[14.517394,50.136953],[14.517393,50.136952],[14.517356,50.136853],[14.517288,50.136802],[14.517193,50.136781],[14.517022,50.136793],[14.516933,50.136817],[14.51687,50.136871],[14.51688,50.13702],[14.51688,50.137021],[14.51688,50.137022],[14.516879,50.137022],[14.516879,50.137023],[14.516878,50.137023],[14.516877,50.137023],[14.516824,50.137038],[14.516733,50.137063],[14.516655,50.137159],[14.516714,50.137368],[14.516808,50.137438]]]}},{"type":"Feature","id":"touzimska-744-744","properties":{"id":"touzimska-744-744","label":"Toužimská: Chebská - Beranových","street":"Toužimská","mailboxes":5,"buildings":1,"placeholder":0},"geometry":{"type":"Polygon","coordinates":[[[14.5177,50.136607],[14.517741,50.136536],[14.517678,50.136348],[14.51761,50.136287],[14.517454,50.136267],[14.517092,50.136322],[14.516997,50.136366],[14.516965,50.136467],[14.517025,50.136625],[14.517091,50.136682],[14.517227,50.136705],[14.517592,50.136651],[14.5177,50.136607]]]}},{"type":"Feature","id":"touzimska-697-752","properties":{"id":"touzimska-697-752","label":"Toužimská: Klenečská - Kramolínská","street":"Toužimská","mailboxes":3,"buildings":2,"placeholder":0},"geometry":{"type":"Polygon","coordinates":[[[14.520721,50.136925],[14.520745,50.137045],[14.520747,50.137046],[14.520802,50.137105],[14.520953,50.137136],[14.521163,50.137116],[14.521246,50.137082],[14.521296,50.136998],[14.521287,50.136946],[14.521241,50.136677],[14.521111,50.136543],[14.521032,50.136524],[14.520955,50.136532],[14.520821,50.136626],[14.520784,50.136694],[14.520809,50.136825],[14.520809,50.136826],[14.520808,50.136826],[14.520808,50.136827],[14.520807,50.136828],[14.520747,50.136869],[14.520721,50.136925]]]}},{"type":"Feature","id":"tupolevova","properties":{"id":"tupolevova","label":"Tupolevova","street":"Tupolevova","mailboxes":88,"buildings":1,"placeholder":0},"geometry":{"type":"Polygon","coordinates":[[[14.505384,50.132905],[14.505219,50.13289],[14.505027,50.132957],[14.504992,50.132969],[14.504914,50.133122],[14.504848,50.133473],[14.504856,50.133589],[14.505017,50.133697],[14.505239,50.133714],[14.505362,50.133691],[14.505444,50.133641],[14.505504,50.13355],[14.5056,50.13312],[14.505593,50.133057],[14.50559,50.133035],[14.505514,50.132951],[14.505384,50.132905]]]}},{"type":"Feature","id":"tupolevova-120b","properties":{"id":"tupolevova-120b","label":"Tupolevova x Bukovecká","street":"Tupolevova","mailboxes":76,"buildings":1,"placeholder":0},"geometry":{"type":"Polygon","coordinates":[[[14.505215,50.132883],[14.505216,50.132883],[14.505217,50.132882],[14.505218,50.132882],[14.505219,50.132882],[14.505387,50.132898],[14.505388,50.132898],[14.505389,50.132898],[14.50552,50.132946],[14.505521,50.132946],[14.505522,50.132946],[14.505522,50.132947],[14.505601,50.133032],[14.505601,50.133033],[14.505602,50.133033],[14.505603,50.133045],[14.505666,50.132978],[14.505879,50.132576],[14.505894,50.132491],[14.505847,50.132427],[14.505498,50.132324],[14.505412,50.132325],[14.505331,50.132353],[14.505186,50.132494],[14.505134,50.132641],[14.505134,50.132642],[14.505033,50.132781],[14.50503,50.132947],[14.505215,50.132883]]]}},{"type":"Feature","id":"tupolevova-463-469","properties":{"id":"tupolevova-463-469","label":"Tupolevova: Fryčovická - Rösslera-Ořovského","street":"Tupolevova","mailboxes":216,"buildings":7,"placeholder":0},"geometry":{"type":"Polygon","coordinates":[[[14.505578,50.138084],[14.505868,50.13808],[14.505947,50.138043],[14.505988,50.137977],[14.50606,50.136848],[14.506053,50.136701],[14.505999,50.13676],[14.505998,50.13676],[14.505998,50.136761],[14.505997,50.136761],[14.505893,50.136791],[14.505892,50.136791],[14.505891,50.136791],[14.505684,50.136792],[14.505683,50.136792],[14.505682,50.136792],[14.505681,50.136792],[14.505548,50.136749],[14.505547,50.136748],[14.505546,50.136748],[14.505545,50.136747],[14.505517,50.1367],[14.505453,50.13801],[14.505578,50.138084]]]}},{"type":"Feature","id":"tupolevova-470-472","properties":{"id":"tupolevova-470-472","label":"Tupolevova x Rösslera-Ořovského","street":"Tupolevova","mailboxes":92,"buildings":3,"placeholder":0},"geometry":{"type":"Polygon","coordinates":[[[14.505555,50.136743],[14.505685,50.136785],[14.505889,50.136784],[14.505991,50.136755],[14.506053,50.136687],[14.506078,50.136474],[14.506075,50.13609],[14.506003,50.136008],[14.505908,50.135983],[14.505706,50.135982],[14.505572,50.136028],[14.505531,50.136094],[14.505508,50.136665],[14.505555,50.136743]]]}},{"type":"Feature","id":"tupolevova-1d3b","properties":{"id":"tupolevova-1d3b","label":"Tupolevova x Bukovecká","street":"Tupolevova","mailboxes":107,"buildings":1,"placeholder":1},"geometry":{"type":"MultiPolygon","coordinates":[[[[14.507262,50.133411],[14.507378,50.133367],[14.507419,50.133301],[14.507424,50.132877],[14.507424,50.132874],[14.507352,50.132778],[14.50725,50.132752],[14.506585,50.132749],[14.506436,50.132795],[14.506395,50.132861],[14.506391,50.133301],[14.506443,50.133372],[14.506685,50.133445],[14.506792,50.133412],[14.506793,50.133412],[14.506794,50.133412],[14.506795,50.133412],[14.50717,50.133411],[14.507262,50.133411]]],[[[14.506879,50.132497],[14.506852,50.132575],[14.506918,50.132642],[14.507038,50.132659],[14.507143,50.132617],[14.50717,50.132539],[14.507104,50.132472],[14.506984,50.132455],[14.506879,50.132497]]]]}},{"type":"Feature","id":"tupolevova-477-480","properties":{"id":"tupolevova-477-480","label":"Tupolevova: Rösslera-Ořovského - Bukovecká","street":"Tupolevova","mailboxes":117,"buildings":6,"placeholder":0},"geometry":{"type":"Polygon","coordinates":[[[14.50678,50.134688],[14.506989,50.134724],[14.50714,50.134698],[14.507201,50.134638],[14.507458,50.134061],[14.507454,50.13406],[14.507453,50.13406],[14.507452,50.134059],[14.507355,50.134018],[14.507354,50.134018],[14.507354,50.134017],[14.507353,50.134017],[14.507353,50.134016],[14.507312,50.133915],[14.507311,50.133915],[14.507311,50.133914],[14.507312,50.133913],[14.507329,50.133875],[14.507295,50.133876],[14.507294,50.133876],[14.507293,50.133876],[14.507292,50.133876],[14.507073,50.133822],[14.507072,50.133822],[14.507071,50.133822],[14.507071,50.133821],[14.50707,50.133821],[14.50707,50.13382],[14.506998,50.133719],[14.506997,50.133719],[14.506997,50.133718],[14.506997,50.133717],[14.507006,50.133689],[14.50694,50.133823],[14.506944,50.13392],[14.506944,50.133921],[14.506944,50.133922],[14.506662,50.134566],[14.506705,50.134653],[14.50678,50.134688]]]}},{"type":"Feature","id":"tupolevova-502-507","properties":{"id":"tupolevova-502-507","label":"Tupolevova x Bukovecká","street":"Tupolevova","mailboxes":144,"buildings":9,"placeholder":0},"geometry":{"type":"Polygon","coordinates":[[[14.507851,50.133138],[14.507852,50.133137],[14.507939,50.133065],[14.508151,50.132592],[14.508143,50.132511],[14.508053,50.13245],[14.508048,50.132449],[14.507786,50.132408],[14.5077,50.132426],[14.50763,50.132473],[14.507435,50.132877],[14.50743,50.133302],[14.50743,50.133303],[14.507387,50.133371],[14.507387,50.133372],[14.507386,50.133372],[14.507386,50.133373],[14.507385,50.133373],[14.507266,50.133418],[14.507265,50.133418],[14.507264,50.133419],[14.507263,50.133419],[14.507174,50.133419],[14.507154,50.133461],[14.507153,50.133461],[14.507153,50.133462],[14.507068,50.133533],[14.507009,50.133717],[14.507079,50.133816],[14.507295,50.133869],[14.507333,50.133867],[14.507368,50.13379],[14.507369,50.133789],[14.507425,50.133741],[14.507426,50.13374],[14.507427,50.13374],[14.507428,50.13374],[14.507428,50.133739],[14.507563,50.133711],[14.507564,50.133711],[14.507565,50.133711],[14.507566,50.133711],[14.507567,50.133711],[14.507575,50.133713],[14.507655,50.133578],[14.507851,50.133138]]]}},{"type":"Feature","id":"tupolevova-515-515","properties":{"id":"tupolevova-515-515","label":"Tupolevova: Bukovecká - Dobratická","street":"Tupolevova","mailboxes":65,"buildings":1,"placeholder":0},"geometry":{"type":"Polygon","coordinates":[[[14.508274,50.131564],[14.508128,50.131541],[14.507952,50.131514],[14.507832,50.131552],[14.507671,50.131811],[14.507726,50.13191],[14.50808,50.131989],[14.508172,50.131984],[14.508245,50.131955],[14.508352,50.131827],[14.508407,50.131706],[14.508403,50.131651],[14.508403,50.131647],[14.508356,50.131596],[14.508274,50.131564]]]}},{"type":"Feature","id":"tupolevova-516-516","properties":{"id":"tupolevova-516-516","label":"Tupolevova: Dobratická - Bukovecká","street":"Tupolevova","mailboxes":65,"buildings":1,"placeholder":0},"geometry":{"type":"Polygon","coordinates":[[[14.508133,50.131535],[14.508278,50.131558],[14.508279,50.131558],[14.508363,50.13159],[14.508364,50.131591],[14.508413,50.131644],[14.508414,50.131644],[14.508414,50.131645],[14.508414,50.131648],[14.508517,50.131671],[14.508603,50.131668],[14.508682,50.131637],[14.50879,50.131508],[14.508842,50.131387],[14.508837,50.131328],[14.50879,50.131277],[14.508706,50.131246],[14.508384,50.131197],[14.508271,50.131233],[14.50811,50.131494],[14.508133,50.131535]]]}},{"type":"Feature","id":"tvrdeho","properties":{"id":"tvrdeho","label":"Tvrdého: Protivínská - Rychnovská","street":"Tvrdého","mailboxes":38,"buildings":6,"placeholder":0},"geometry":{"type":"Polygon","coordinates":[[[14.512277,50.13575],[14.512368,50.135717],[14.512417,50.135662],[14.512391,50.135444],[14.512391,50.135443],[14.512392,50.135442],[14.512393,50.135441],[14.512394,50.135441],[14.512395,50.135441],[14.512396,50.13544],[14.512397,50.13544],[14.512398,50.135441],[14.512497,50.135457],[14.512693,50.13544],[14.512829,50.135363],[14.512854,50.135288],[14.512829,50.135113],[14.512763,50.135037],[14.512659,50.135004],[14.512414,50.13502],[14.512306,50.135065],[14.512305,50.135065],[14.512305,50.135066],[14.512304,50.135066],[14.512303,50.135066],[14.512302,50.135066],[14.512301,50.135065],[14.5123,50.135065],[14.512299,50.135065],[14.512299,50.135064],[14.512298,50.135064],[14.512298,50.135063],[14.512272,50.134936],[14.512208,50.134883],[14.512207,50.134882],[14.512186,50.134755],[14.512186,50.134754],[14.512187,50.134753],[14.512198,50.134738],[14.512083,50.134698],[14.511858,50.134715],[14.511754,50.13476],[14.511717,50.134834],[14.511779,50.135193],[14.511856,50.13527],[14.511856,50.135271],[14.511857,50.135271],[14.511934,50.135702],[14.512061,50.135761],[14.512277,50.13575]]]}},{"type":"Feature","id":"tvrdeho-d37d","properties":{"id":"tvrdeho-d37d","label":"Tvrdého: Boletická - Protivínská","street":"Tvrdého","mailboxes":42,"buildings":15,"placeholder":0},"geometry":{"type":"Polygon","coordinates":[[[14.512093,50.134677],[14.512182,50.134639],[14.512183,50.134639],[14.512184,50.134639],[14.512185,50.134639],[14.512186,50.134639],[14.512187,50.134639],[14.512188,50.134639],[14.512189,50.134639],[14.512189,50.13464],[14.512251,50.134675],[14.512251,50.134676],[14.512252,50.134676],[14.512252,50.134677],[14.512252,50.134678],[14.512252,50.134679],[14.512252,50.13468],[14.512198,50.134756],[14.512218,50.13488],[14.512282,50.134933],[14.512315,50.134959],[14.51256,50.134962],[14.512684,50.134919],[14.512685,50.134919],[14.512685,50.134918],[14.512686,50.134918],[14.512687,50.134918],[14.512688,50.134918],[14.512689,50.134919],[14.512815,50.134945],[14.513132,50.134915],[14.513361,50.134871],[14.513465,50.134801],[14.513466,50.134653],[14.513423,50.1346],[14.51334,50.134564],[14.513339,50.134564],[14.513339,50.134563],[14.513338,50.134563],[14.513338,50.134562],[14.513338,50.134561],[14.513338,50.13456],[14.513348,50.134525],[14.513376,50.134423],[14.513353,50.134362],[14.513285,50.134308],[14.513284,50.134306],[14.513152,50.134276],[14.512803,50.134308],[14.512663,50.134368],[14.512662,50.134368],[14.512661,50.134368],[14.51266,50.134368],[14.512659,50.134368],[14.512658,50.134368],[14.512657,50.134368],[14.512656,50.134368],[14.512656,50.134367],[14.512655,50.134367],[14.512606,50.134326],[14.512606,50.134325],[14.512605,50.134325],[14.512605,50.134324],[14.512605,50.134323],[14.512605,50.134322],[14.512625,50.134286],[14.512625,50.134285],[14.512626,50.134285],[14.512626,50.134284],[14.512627,50.134284],[14.512628,50.134284],[14.512724,50.134263],[14.512784,50.134221],[14.512802,50.134108],[14.512722,50.134028],[14.512546,50.13401],[14.512545,50.13401],[14.512544,50.13401],[14.512544,50.134009],[14.512543,50.134009],[14.512452,50.133948],[14.512451,50.133947],[14.512451,50.133946],[14.512451,50.133945],[14.512451,50.133944],[14.512452,50.133944],[14.512452,50.133943],[14.512541,50.133876],[14.512562,50.133801],[14.512524,50.133677],[14.512437,50.133616],[14.512349,50.133602],[14.512157,50.133616],[14.51203,50.133673],[14.512029,50.133673],[14.512028,50.133673],[14.512027,50.133673],[14.512026,50.133673],[14.512025,50.133673],[14.512024,50.133673],[14.511918,50.133638],[14.511733,50.133648],[14.511614,50.133686],[14.511564,50.133784],[14.511629,50.134124],[14.511671,50.134181],[14.511672,50.134181],[14.511672,50.134182],[14.511672,50.134183],[14.511652,50.134253],[14.511735,50.134628],[14.511803,50.134674],[14.511891,50.134692],[14.512093,50.134677]]]}},{"type":"Feature","id":"tvrdeho-105-259","properties":{"id":"tvrdeho-105-259","label":"Tvrdého: Rokycanská - Stará náves + Bechyňská, Křivoklátská","street":"Tvrdého","mailboxes":90,"buildings":18,"placeholder":1},"geometry":{"type":"Polygon","coordinates":[[[14.512619,50.137613],[14.51277,50.137576],[14.512771,50.137576],[14.512772,50.137576],[14.512773,50.137576],[14.512774,50.137576],[14.512775,50.137576],[14.51293,50.137625],[14.512931,50.137625],[14.512932,50.137625],[14.512932,50.137626],[14.512933,50.137626],[14.512933,50.137627],[14.513027,50.137786],[14.513027,50.137787],[14.513027,50.137788],[14.512994,50.137859],[14.512993,50.13786],[14.512992,50.137861],[14.512913,50.137902],[14.513118,50.137906],[14.513243,50.137836],[14.513244,50.137836],[14.513244,50.137835],[14.513245,50.137835],[14.513246,50.137835],[14.513247,50.137835],[14.513248,50.137835],[14.513249,50.137835],[14.513399,50.137871],[14.513636,50.137857],[14.513814,50.137821],[14.513815,50.13782],[14.513816,50.13782],[14.513817,50.13782],[14.513817,50.137821],[14.513818,50.137821],[14.513819,50.137821],[14.51382,50.137821],[14.51382,50.137822],[14.513821,50.137822],[14.513821,50.137823],[14.513924,50.138003],[14.513924,50.138004],[14.513924,50.138005],[14.513924,50.138006],[14.513923,50.138007],[14.513839,50.138062],[14.513823,50.138143],[14.513877,50.138292],[14.513984,50.138357],[14.514152,50.138381],[14.514261,50.138365],[14.514336,50.138329],[14.514337,50.138328],[14.514338,50.138328],[14.514339,50.138328],[14.51434,50.138328],[14.514516,50.138332],[14.514882,50.138271],[14.514987,50.138201],[14.514997,50.138142],[14.514943,50.137983],[14.514943,50.137982],[14.514943,50.137981],[14.514944,50.137981],[14.514944,50.13798],[14.514996,50.137907],[14.51499,50.137857],[14.514859,50.137774],[14.514858,50.137773],[14.514858,50.137772],[14.514845,50.137697],[14.51467,50.137693],[14.514669,50.137693],[14.514668,50.137693],[14.514667,50.137693],[14.514666,50.137692],[14.514665,50.137692],[14.514665,50.137691],[14.514665,50.13769],[14.514633,50.137569],[14.514633,50.137568],[14.514633,50.137567],[14.514634,50.137566],[14.514635,50.137566],[14.514635,50.137565],[14.514636,50.137565],[14.5148,50.137516],[14.514847,50.137416],[14.514755,50.137179],[14.514698,50.137126],[14.514698,50.137125],[14.514697,50.137125],[14.514697,50.137124],[14.514703,50.137065],[14.514632,50.136889],[14.514577,50.13684],[14.514492,50.136811],[14.514441,50.136812],[14.514337,50.136855],[14.514465,50.136912],[14.514466,50.136912],[14.514467,50.136912],[14.514467,50.136913],[14.514468,50.136914],[14.51451,50.137045],[14.514511,50.137046],[14.51451,50.137047],[14.514489,50.137111],[14.514489,50.137112],[14.514488,50.137112],[14.514359,50.137224],[14.514359,50.137225],[14.514358,50.137225],[14.514304,50.137249],[14.514322,50.13731],[14.514322,50.137311],[14.514322,50.137312],[14.514321,50.137313],[14.51432,50.137314],[14.514319,50.137314],[14.514318,50.137314],[14.514317,50.137314],[14.514304,50.137316],[14.514303,50.137316],[14.514302,50.137316],[14.514301,50.137316],[14.5143,50.137316],[14.5143,50.137315],[14.514299,50.137315],[14.514298,50.137314],[14.514272,50.137263],[14.514263,50.137267],[14.514262,50.137267],[14.514261,50.137267],[14.514059,50.137283],[14.514058,50.137283],[14.514057,50.137283],[14.513961,50.137263],[14.51396,50.137262],[14.513959,50.137262],[14.513958,50.137261],[14.513889,50.13721],[14.513764,50.137231],[14.513743,50.137257],[14.513778,50.137361],[14.513779,50.137361],[14.513778,50.137362],[14.513778,50.137363],[14.513778,50.137364],[14.513777,50.137364],[14.513776,50.137364],[14.513776,50.137365],[14.513775,50.137365],[14.513774,50.137365],[14.513576,50.137388],[14.513575,50.137388],[14.513574,50.137388],[14.513573,50.137388],[14.513573,50.137387],[14.513572,50.137387],[14.513495,50.137342],[14.513494,50.137341],[14.513494,50.13734],[14.51349,50.137334],[14.513424,50.137224],[14.513294,50.13718],[14.513101,50.137211],[14.513045,50.137257],[14.513008,50.137286],[14.513007,50.137287],[14.513006,50.137287],[14.513005,50.137287],[14.513005,50.137288],[14.513004,50.137288],[14.513003,50.137288],[14.513002,50.137288],[14.513001,50.137287],[14.512846,50.137237],[14.51275,50.137257],[14.512596,50.137287],[14.512536,50.137337],[14.512524,50.137405],[14.512619,50.137613]]]}},{"type":"Feature","id":"trinecka","properties":{"id":"trinecka","label":"Třinecká: Bohumínská - Rychnovská","street":"Třinecká","mailboxes":50,"buildings":6,"placeholder":0},"geometry":{"type":"Polygon","coordinates":[[[14.508618,50.134788],[14.508666,50.134833],[14.508749,50.134861],[14.509454,50.134925],[14.509569,50.134881],[14.509615,50.134788],[14.509615,50.134787],[14.509616,50.134787],[14.509616,50.134786],[14.509617,50.134786],[14.509618,50.134786],[14.509619,50.134785],[14.50962,50.134785],[14.509621,50.134785],[14.50984,50.13479],[14.509841,50.13479],[14.509867,50.134794],[14.510052,50.134824],[14.510162,50.134808],[14.510233,50.134762],[14.510243,50.134747],[14.510323,50.134623],[14.510293,50.134497],[14.510222,50.134427],[14.51012,50.134386],[14.509925,50.134353],[14.509756,50.134358],[14.509756,50.13436],[14.509755,50.13436],[14.509755,50.134361],[14.509754,50.134361],[14.509753,50.134362],[14.509665,50.134401],[14.509665,50.134402],[14.509664,50.134402],[14.509663,50.134402],[14.509662,50.134402],[14.509578,50.134406],[14.50954,50.134437],[14.509479,50.134575],[14.509478,50.134576],[14.509478,50.134577],[14.509477,50.134577],[14.509476,50.134577],[14.509476,50.134578],[14.509475,50.134578],[14.509474,50.134578],[14.509473,50.134578],[14.509472,50.134578],[14.508844,50.134517],[14.508771,50.134522],[14.508747,50.134524],[14.508635,50.1346],[14.508618,50.134788]]]}},{"type":"Feature","id":"trinecka-939f","properties":{"id":"trinecka-939f","label":"Třinecká: Bohumínská - Rychnovská","street":"Třinecká","mailboxes":128,"buildings":1,"placeholder":0},"geometry":{"type":"Polygon","coordinates":[[[14.5097,50.135215],[14.509736,50.135196],[14.509737,50.135196],[14.509737,50.135195],[14.509738,50.135195],[14.509854,50.135179],[14.509855,50.135179],[14.509856,50.135179],[14.509857,50.135179],[14.510179,50.135234],[14.51018,50.135234],[14.51018,50.135235],[14.510181,50.135235],[14.510182,50.135235],[14.510247,50.13529],[14.510248,50.135291],[14.510248,50.135292],[14.51026,50.135357],[14.51026,50.135358],[14.510249,50.135385],[14.510263,50.135373],[14.510425,50.134899],[14.510383,50.134833],[14.51025,50.134754],[14.510243,50.134765],[14.510243,50.134766],[14.510242,50.134766],[14.510169,50.134814],[14.510168,50.134815],[14.510167,50.134815],[14.510166,50.134815],[14.510053,50.134832],[14.510052,50.134832],[14.510051,50.134832],[14.51005,50.134832],[14.509868,50.134802],[14.50983,50.134835],[14.5097,50.135215]]]}},{"type":"Feature","id":"urubova-16-38","properties":{"id":"urubova-16-38","label":"Urubova: Pernického - Škarvadova","street":"Urubova","mailboxes":20,"buildings":20,"placeholder":0},"geometry":{"type":"Polygon","coordinates":[[[14.522204,50.144926],[14.522205,50.144927],[14.52231,50.145241],[14.522362,50.145295],[14.522443,50.145323],[14.522535,50.145324],[14.522735,50.145291],[14.522821,50.14523],[14.522878,50.145085],[14.522843,50.145036],[14.522771,50.145004],[14.52277,50.145004],[14.52277,50.145003],[14.522769,50.145003],[14.522769,50.145002],[14.522768,50.145001],[14.522769,50.145],[14.522808,50.14488],[14.52271,50.144805],[14.52271,50.144804],[14.522709,50.144804],[14.522709,50.144803],[14.522694,50.144759],[14.522694,50.144758],[14.522694,50.144757],[14.522694,50.144756],[14.522695,50.144756],[14.522695,50.144755],[14.522696,50.144755],[14.522697,50.144755],[14.522698,50.144755],[14.522699,50.144755],[14.5227,50.144755],[14.522701,50.144755],[14.522702,50.144755],[14.522703,50.144755],[14.522703,50.144756],[14.522852,50.144871],[14.522853,50.144872],[14.522895,50.144983],[14.523026,50.145024],[14.523027,50.145024],[14.523028,50.145025],[14.523164,50.145133],[14.523165,50.145133],[14.523165,50.145134],[14.523166,50.145135],[14.523171,50.145192],[14.523171,50.145193],[14.523171,50.145194],[14.52317,50.145194],[14.523169,50.145195],[14.523168,50.145195],[14.523167,50.145195],[14.523167,50.145196],[14.523166,50.145196],[14.523022,50.145212],[14.522954,50.145279],[14.522954,50.14528],[14.522953,50.14528],[14.522952,50.14528],[14.522951,50.145281],[14.52285,50.145299],[14.522787,50.145356],[14.522826,50.145545],[14.522935,50.145636],[14.52304,50.145659],[14.523136,50.145645],[14.523469,50.145479],[14.52347,50.145479],[14.523471,50.145479],[14.523595,50.145452],[14.523829,50.145328],[14.523859,50.145225],[14.523827,50.14519],[14.523744,50.1451],[14.523744,50.145099],[14.523715,50.145028],[14.523349,50.144743],[14.523064,50.144522],[14.523064,50.144521],[14.523063,50.144521],[14.523063,50.14452],[14.523063,50.144519],[14.523068,50.144451],[14.523051,50.144418],[14.523025,50.144411],[14.523024,50.144411],[14.523024,50.14441],[14.523023,50.14441],[14.522961,50.144358],[14.52296,50.144358],[14.52296,50.144357],[14.52275,50.143832],[14.52275,50.143831],[14.522751,50.14383],[14.522789,50.143774],[14.52273,50.14374],[14.522685,50.143733],[14.522646,50.143779],[14.522646,50.14378],[14.522645,50.14378],[14.522494,50.143863],[14.522493,50.143863],[14.522492,50.143863],[14.522492,50.143864],[14.522335,50.143885],[14.522334,50.143885],[14.522333,50.143885],[14.522332,50.143885],[14.522229,50.143859],[14.522139,50.143913],[14.522138,50.143914],[14.522137,50.143914],[14.522136,50.143914],[14.521925,50.143931],[14.521924,50.143931],[14.521923,50.143931],[14.521922,50.143931],[14.521896,50.143922],[14.521882,50.143992],[14.521925,50.144108],[14.521985,50.144158],[14.52212,50.144182],[14.522364,50.144139],[14.522364,50.144138],[14.522365,50.144138],[14.522366,50.144138],[14.522367,50.144138],[14.522367,50.144139],[14.522368,50.144139],[14.522369,50.144139],[14.522369,50.14414],[14.52237,50.14414],[14.522371,50.144141],[14.522371,50.144142],[14.522361,50.144188],[14.52236,50.144189],[14.522359,50.14419],[14.522358,50.14419],[14.522357,50.14419],[14.522357,50.144191],[14.52212,50.144222],[14.522022,50.144281],[14.522007,50.144361],[14.522134,50.144656],[14.522135,50.144656],[14.522135,50.144657],[14.522135,50.144658],[14.522134,50.144658],[14.522098,50.144744],[14.522134,50.144853],[14.522204,50.144926]],[[14.522708,50.144622],[14.522709,50.144622],[14.522709,50.144623],[14.52271,50.144623],[14.52271,50.144624],[14.522711,50.144625],[14.522711,50.144626],[14.52271,50.144626],[14.522679,50.144682],[14.522679,50.144683],[14.522678,50.144683],[14.522677,50.144684],[14.522676,50.144684],[14.522675,50.144684],[14.522674,50.144685],[14.522673,50.144685],[14.522672,50.144684],[14.522671,50.144684],[14.52267,50.144684],[14.522669,50.144683],[14.522668,50.144682],[14.522638,50.144636],[14.522637,50.144635],[14.522637,50.144634],[14.52264,50.144613],[14.522641,50.144612],[14.522641,50.144611],[14.522642,50.144611],[14.522643,50.144611],[14.522643,50.14461],[14.522644,50.14461],[14.522645,50.14461],[14.522646,50.14461],[14.522647,50.14461],[14.522707,50.144622],[14.522708,50.144622]]]}},{"type":"Feature","id":"vamberska-261-295","properties":{"id":"vamberska-261-295","label":"Vamberská: Rokycanská - Bludovická","street":"Vamberská","mailboxes":12,"buildings":4,"placeholder":0},"geometry":{"type":"Polygon","coordinates":[[[14.510054,50.13773],[14.510054,50.137731],[14.510055,50.137731],[14.510055,50.137732],[14.510065,50.137793],[14.510065,50.137794],[14.510041,50.137854],[14.510082,50.137888],[14.510127,50.137897],[14.510181,50.137884],[14.510182,50.137884],[14.510589,50.137879],[14.51059,50.137879],[14.510591,50.13788],[14.510592,50.13788],[14.510612,50.137887],[14.510731,50.137837],[14.510757,50.137785],[14.510747,50.137667],[14.510637,50.13758],[14.510637,50.137579],[14.510636,50.137579],[14.510636,50.137578],[14.510636,50.137577],[14.510636,50.137576],[14.510637,50.137576],[14.510637,50.137575],[14.510735,50.137499],[14.510736,50.137366],[14.510644,50.137275],[14.510556,50.137258],[14.510158,50.137264],[14.510137,50.137269],[14.510038,50.137293],[14.509973,50.137364],[14.509976,50.137485],[14.510011,50.137544],[14.510041,50.13756],[14.510087,50.137583],[14.510087,50.137584],[14.510088,50.137584],[14.510088,50.137585],[14.510089,50.137585],[14.510089,50.137586],[14.510089,50.137587],[14.510088,50.137588],[14.510088,50.137589],[14.510087,50.137589],[14.510022,50.137629],[14.510004,50.137682],[14.510054,50.13773]]]}},{"type":"Feature","id":"vamberska-296-297","properties":{"id":"vamberska-296-297","label":"Vamberská: Křivoklátská - Rokycanská","street":"Vamberská","mailboxes":15,"buildings":2,"placeholder":0},"geometry":{"type":"Polygon","coordinates":[[[14.510588,50.137887],[14.510183,50.137891],[14.510097,50.137911],[14.510013,50.138002],[14.510049,50.138167],[14.51017,50.138218],[14.510623,50.13821],[14.51073,50.138164],[14.510767,50.138088],[14.510729,50.137939],[14.510609,50.137895],[14.510588,50.137887]]]}},{"type":"Feature","id":"vamberska-280-300","properties":{"id":"vamberska-280-300","label":"Vamberská: Křivoklátská - Velhartická + Stará náves","street":"Vamberská","mailboxes":82,"buildings":32,"placeholder":0},"geometry":{"type":"Polygon","coordinates":[[[14.511544,50.139492],[14.511545,50.139492],[14.511546,50.139492],[14.51178,50.139595],[14.51178,50.139596],[14.512203,50.139831],[14.512357,50.139872],[14.512358,50.139873],[14.512359,50.139873],[14.512482,50.13997],[14.512667,50.140022],[14.512769,50.14002],[14.51277,50.14002],[14.512771,50.14002],[14.51325,50.140154],[14.513343,50.140153],[14.513424,50.140125],[14.513526,50.139985],[14.513513,50.139927],[14.513459,50.139879],[14.51318,50.139803],[14.513179,50.139802],[14.513178,50.139802],[14.513177,50.139802],[14.513177,50.139801],[14.513176,50.1398],[14.513176,50.139799],[14.513176,50.139798],[14.513177,50.139798],[14.513177,50.139797],[14.513178,50.139797],[14.513241,50.13976],[14.513308,50.139671],[14.513309,50.139671],[14.513309,50.13967],[14.51331,50.13967],[14.513311,50.13967],[14.513312,50.13967],[14.513312,50.139669],[14.513313,50.139669],[14.513443,50.139681],[14.513444,50.139681],[14.513445,50.139681],[14.513446,50.139682],[14.513447,50.139682],[14.513447,50.139683],[14.513448,50.139683],[14.513474,50.13976],[14.51355,50.139811],[14.513806,50.139842],[14.513882,50.139824],[14.513949,50.139808],[14.513972,50.13978],[14.514041,50.139696],[14.514057,50.139591],[14.514011,50.139527],[14.513763,50.139464],[14.513762,50.139464],[14.513761,50.139463],[14.51376,50.139463],[14.51376,50.139462],[14.513706,50.139367],[14.513464,50.139307],[14.513463,50.139307],[14.513462,50.139307],[14.513462,50.139306],[14.513461,50.139306],[14.513461,50.139305],[14.51343,50.139233],[14.513335,50.139184],[14.513142,50.139154],[14.512928,50.139182],[14.512857,50.13925],[14.512841,50.139406],[14.512841,50.139407],[14.51284,50.139407],[14.51284,50.139408],[14.512839,50.139408],[14.512839,50.139409],[14.512838,50.139409],[14.512837,50.139409],[14.512836,50.139409],[14.512835,50.139409],[14.512834,50.139409],[14.512833,50.139409],[14.512832,50.139409],[14.512575,50.139281],[14.512539,50.139277],[14.512538,50.139277],[14.512537,50.139277],[14.512373,50.139205],[14.512372,50.139205],[14.512371,50.139204],[14.512371,50.139203],[14.512355,50.139168],[14.51213,50.139026],[14.512005,50.138966],[14.511893,50.138955],[14.511892,50.138955],[14.511891,50.138954],[14.51189,50.138954],[14.511889,50.138953],[14.511838,50.138904],[14.511611,50.138792],[14.51161,50.138792],[14.51161,50.138791],[14.511609,50.138791],[14.511417,50.138479],[14.511291,50.138418],[14.511199,50.138419],[14.511039,50.13846],[14.510941,50.138535],[14.510942,50.138606],[14.511105,50.138867],[14.511105,50.138868],[14.511105,50.138869],[14.511105,50.13887],[14.511104,50.13887],[14.511103,50.138871],[14.511102,50.138871],[14.511101,50.138871],[14.5111,50.138871],[14.511099,50.138871],[14.511098,50.138871],[14.511097,50.138871],[14.510981,50.138824],[14.510864,50.138826],[14.510787,50.138859],[14.510681,50.138961],[14.510677,50.13902],[14.510718,50.139073],[14.510962,50.139186],[14.510963,50.139187],[14.511158,50.139338],[14.51143,50.139471],[14.511544,50.139492]]]}},{"type":"Feature","id":"velesinska","properties":{"id":"velesinska","label":"Velešínská: Ivančická - Kladrubská + Jančova","street":"Velešínská","mailboxes":22,"buildings":18,"placeholder":0},"geometry":{"type":"Polygon","coordinates":[[[14.510698,50.141044],[14.510736,50.141055],[14.510737,50.141055],[14.510737,50.141056],[14.510738,50.141056],[14.510739,50.141057],[14.510744,50.141065],[14.510822,50.141101],[14.51095,50.141108],[14.510951,50.141108],[14.510952,50.141108],[14.510953,50.141109],[14.510954,50.141109],[14.510954,50.14111],[14.510955,50.14111],[14.511006,50.141198],[14.511331,50.141359],[14.511459,50.141372],[14.51156,50.141343],[14.511701,50.141213],[14.511697,50.141146],[14.511634,50.141087],[14.511633,50.141087],[14.511633,50.141086],[14.511633,50.141085],[14.511633,50.141084],[14.511688,50.140987],[14.511688,50.140986],[14.511799,50.140886],[14.51182,50.140829],[14.511821,50.140829],[14.511821,50.140828],[14.511822,50.140828],[14.511823,50.140827],[14.512022,50.140751],[14.51212,50.140643],[14.512082,50.14052],[14.511945,50.140477],[14.511944,50.140476],[14.511943,50.140476],[14.511943,50.140475],[14.511894,50.140422],[14.511893,50.140421],[14.51189,50.140403],[14.511824,50.140391],[14.511823,50.140391],[14.511823,50.14039],[14.511822,50.14039],[14.511821,50.140389],[14.511821,50.140388],[14.51182,50.140388],[14.51182,50.140387],[14.511821,50.140387],[14.511821,50.140386],[14.511876,50.140329],[14.511874,50.140318],[14.511874,50.140317],[14.511874,50.140316],[14.511909,50.140255],[14.51191,50.140254],[14.511941,50.140234],[14.511941,50.140206],[14.51193,50.140194],[14.511679,50.140127],[14.511678,50.140127],[14.511677,50.140127],[14.511677,50.140126],[14.511615,50.14008],[14.511615,50.140079],[14.511614,50.140079],[14.511614,50.140078],[14.511611,50.140068],[14.511609,50.140068],[14.511527,50.140096],[14.511299,50.140295],[14.511299,50.140296],[14.511085,50.140437],[14.51101,50.140514],[14.51101,50.14059],[14.51101,50.140591],[14.51101,50.140592],[14.511009,50.140592],[14.511009,50.140593],[14.511008,50.140593],[14.511008,50.140594],[14.510898,50.140634],[14.510615,50.140927],[14.510675,50.141033],[14.510698,50.141044]]]}},{"type":"Feature","id":"velharticka","properties":{"id":"velharticka","label":"Velhartická: Jančova - Kladrubská","street":"Velhartická","mailboxes":25,"buildings":16,"placeholder":0},"geometry":{"type":"Polygon","coordinates":[[[14.51157,50.141419],[14.511618,50.141483],[14.51184,50.141576],[14.511932,50.141575],[14.512031,50.141543],[14.512032,50.141543],[14.512033,50.141543],[14.512034,50.141543],[14.512035,50.141543],[14.512036,50.141543],[14.512037,50.141544],[14.512038,50.141544],[14.512039,50.141545],[14.512086,50.141642],[14.51231,50.141737],[14.512419,50.141745],[14.512517,50.141714],[14.512518,50.141714],[14.512519,50.141714],[14.51252,50.141714],[14.512521,50.141714],[14.512522,50.141714],[14.512523,50.141714],[14.512523,50.141715],[14.512524,50.141715],[14.512524,50.141716],[14.512525,50.141717],[14.512526,50.141783],[14.512569,50.141836],[14.512677,50.141879],[14.512771,50.14189],[14.512904,50.141862],[14.51297,50.141827],[14.513146,50.141573],[14.513111,50.141487],[14.512998,50.141435],[14.512997,50.141435],[14.512996,50.141435],[14.512996,50.141434],[14.512957,50.141371],[14.512872,50.141326],[14.512872,50.141325],[14.512871,50.141325],[14.512871,50.141324],[14.51287,50.141324],[14.51287,50.141323],[14.51287,50.141322],[14.512892,50.141272],[14.512893,50.141271],[14.512917,50.141248],[14.512918,50.141248],[14.512919,50.141248],[14.512919,50.141247],[14.51292,50.141247],[14.512921,50.141247],[14.512922,50.141247],[14.512923,50.141247],[14.512924,50.141247],[14.512925,50.141247],[14.512926,50.141248],[14.512991,50.141294],[14.513152,50.141342],[14.51325,50.141343],[14.513295,50.141343],[14.513393,50.14129],[14.513479,50.141128],[14.513409,50.141042],[14.513207,50.140983],[14.513024,50.14098],[14.513023,50.14098],[14.513022,50.140979],[14.513021,50.140979],[14.51302,50.140979],[14.512895,50.140907],[14.512894,50.140907],[14.512894,50.140906],[14.512893,50.140906],[14.512893,50.140905],[14.51289,50.140759],[14.512811,50.140764],[14.51281,50.140764],[14.512809,50.140764],[14.512809,50.140763],[14.512808,50.140763],[14.512807,50.140763],[14.512806,50.140762],[14.512751,50.140698],[14.51255,50.140598],[14.512422,50.140572],[14.512302,50.140604],[14.512172,50.140714],[14.512143,50.140771],[14.512143,50.140772],[14.512142,50.140772],[14.512141,50.140773],[14.51214,50.140773],[14.512139,50.140773],[14.512032,50.140794],[14.511941,50.140862],[14.511911,50.14095],[14.511978,50.141027],[14.511979,50.141028],[14.511979,50.141029],[14.511979,50.14103],[14.511978,50.14103],[14.511978,50.141031],[14.511796,50.141201],[14.511795,50.141201],[14.511794,50.141202],[14.511703,50.141239],[14.511582,50.141353],[14.51157,50.141419]],[[14.51219,50.141383],[14.512191,50.141383],[14.512192,50.141383],[14.512193,50.141383],[14.512194,50.141383],[14.512195,50.141383],[14.512196,50.141383],[14.512197,50.141383],[14.512197,50.141384],[14.512198,50.141384],[14.512199,50.141385],[14.512199,50.141386],[14.512199,50.141387],[14.512199,50.141388],[14.512198,50.141389],[14.512197,50.141389],[14.512197,50.14139],[14.512196,50.14139],[14.512195,50.14139],[14.512194,50.14139],[14.512193,50.141391],[14.512192,50.141391],[14.512191,50.141391],[14.512191,50.14139],[14.51219,50.14139],[14.512189,50.14139],[14.512188,50.141389],[14.512187,50.141389],[14.512187,50.141388],[14.512187,50.141387],[14.512187,50.141386],[14.512188,50.141385],[14.512189,50.141384],[14.51219,50.141384],[14.51219,50.141383]],[[14.512161,50.141398],[14.512162,50.141398],[14.512163,50.141398],[14.512164,50.141398],[14.512165,50.141398],[14.512166,50.141398],[14.512167,50.141398],[14.512168,50.141399],[14.512169,50.141399],[14.512169,50.1414],[14.51217,50.141401],[14.51217,50.141402],[14.51217,50.141403],[14.512169,50.141403],[14.512169,50.141404],[14.512168,50.141404],[14.512167,50.141405],[14.512166,50.141405],[14.512165,50.141406],[14.512164,50.141406],[14.512163,50.141406],[14.512162,50.141406],[14.512161,50.141406],[14.51216,50.141405],[14.512159,50.141405],[14.512158,50.141405],[14.512158,50.141404],[14.512157,50.141403],[14.512157,50.141402],[14.512157,50.141401],[14.512158,50.141401],[14.512158,50.1414],[14.512159,50.1414],[14.512159,50.141399],[14.512161,50.141399],[14.512161,50.141398]]]}},{"type":"Feature","id":"vratimovska-485-487","properties":{"id":"vratimovska-485-487","label":"Vratimovská: Havířovská - Chlebovická","street":"Vratimovská","mailboxes":49,"buildings":3,"placeholder":0},"geometry":{"type":"Polygon","coordinates":[[[14.507323,50.133914],[14.507363,50.134013],[14.507458,50.134053],[14.507467,50.134055],[14.508191,50.134188],[14.508279,50.13419],[14.508363,50.134164],[14.508418,50.134116],[14.508424,50.134104],[14.508422,50.134102],[14.508422,50.134101],[14.508422,50.1341],[14.508422,50.134099],[14.508472,50.13399],[14.508432,50.133895],[14.508352,50.133858],[14.507565,50.133719],[14.507433,50.133746],[14.507378,50.133793],[14.507323,50.133914]]]}},{"type":"Feature","id":"vratimovska","properties":{"id":"vratimovska","label":"Vratimovská: Havířovská - Chlebovická","street":"Vratimovská","mailboxes":96,"buildings":4,"placeholder":0},"geometry":{"type":"Polygon","coordinates":[[[14.508508,50.134197],[14.509561,50.134399],[14.509575,50.134399],[14.50966,50.134395],[14.509746,50.134356],[14.509747,50.134354],[14.509835,50.134178],[14.509818,50.134121],[14.509762,50.134075],[14.508646,50.133871],[14.508515,50.133924],[14.508483,50.133991],[14.508433,50.1341],[14.508435,50.134102],[14.508508,50.134197]]]}},{"type":"Feature","id":"vyletalova","properties":{"id":"vyletalova","label":"Vyletalova x Rösslera-Ořovského","street":"Vyletalova","mailboxes":144,"buildings":1,"placeholder":0},"geometry":{"type":"Polygon","coordinates":[[[14.503844,50.133465],[14.503918,50.13343],[14.50396,50.133392],[14.504001,50.133355],[14.504074,50.133225],[14.504063,50.13319],[14.504051,50.133152],[14.503944,50.133083],[14.503172,50.13289],[14.503044,50.132896],[14.502953,50.132935],[14.502851,50.133129],[14.502854,50.133204],[14.502933,50.133269],[14.503752,50.133474],[14.503844,50.133465]]]}},{"type":"Feature","id":"vyletalova-8307","properties":{"id":"vyletalova-8307","label":"Vyletalova x Rösslera-Ořovského","street":"Vyletalova","mailboxes":144,"buildings":1,"placeholder":0},"geometry":{"type":"Polygon","coordinates":[[[14.504088,50.133564],[14.504351,50.133624],[14.50449,50.133597],[14.504546,50.133548],[14.504765,50.13319],[14.504763,50.133102],[14.504724,50.133049],[14.504425,50.132959],[14.504267,50.132984],[14.504141,50.13308],[14.504074,50.133189],[14.504085,50.133224],[14.504085,50.133225],[14.504085,50.133226],[14.504011,50.133358],[14.50401,50.133359],[14.503971,50.133395],[14.504001,50.133519],[14.504088,50.133564]]]}},{"type":"Feature","id":"vitkovicka-368-370","properties":{"id":"vitkovicka-368-370","label":"Vítkovická: Krnovská - Šumperská","street":"Vítkovická","mailboxes":27,"buildings":3,"placeholder":0},"geometry":{"type":"Polygon","coordinates":[[[14.507636,50.13788],[14.507637,50.137879],[14.507722,50.137815],[14.507723,50.137814],[14.507724,50.137814],[14.507725,50.137814],[14.507725,50.137813],[14.507836,50.137797],[14.507837,50.137797],[14.507838,50.137797],[14.507984,50.137811],[14.508047,50.137529],[14.507988,50.137488],[14.507987,50.137488],[14.507987,50.137487],[14.507986,50.137486],[14.507974,50.137426],[14.507974,50.137425],[14.508017,50.1373],[14.508018,50.1373],[14.508018,50.137299],[14.508019,50.137299],[14.508062,50.13727],[14.508041,50.137246],[14.508029,50.137248],[14.508028,50.137248],[14.508027,50.137248],[14.507822,50.137226],[14.507822,50.137225],[14.507821,50.137225],[14.50782,50.137225],[14.507748,50.137186],[14.507747,50.137185],[14.507607,50.137227],[14.507562,50.13729],[14.507453,50.137759],[14.507516,50.13786],[14.507635,50.137881],[14.507636,50.13788]]]}},{"type":"Feature","id":"vitkovicka-373-375","properties":{"id":"vitkovicka-373-375","label":"Vítkovická: Šumperská - Rýmařovská","street":"Vítkovická","mailboxes":14,"buildings":3,"placeholder":0},"geometry":{"type":"Polygon","coordinates":[[[14.507917,50.136526],[14.507812,50.136589],[14.507688,50.13709],[14.507706,50.137153],[14.507826,50.137219],[14.508028,50.13724],[14.508115,50.13723],[14.508189,50.137192],[14.508224,50.137144],[14.508287,50.13687],[14.508286,50.13687],[14.508285,50.136869],[14.508284,50.136869],[14.508206,50.136778],[14.508205,50.136777],[14.508205,50.136776],[14.508205,50.136775],[14.508253,50.136623],[14.508253,50.136622],[14.508254,50.136622],[14.508254,50.136621],[14.508296,50.13659],[14.508294,50.136589],[14.508204,50.136537],[14.507966,50.136527],[14.507917,50.136526]]]}},{"type":"Feature","id":"vitkovicka-376-378","properties":{"id":"vitkovicka-376-378","label":"Vítkovická: Rýmařovská - Šumperská","street":"Vítkovická","mailboxes":69,"buildings":3,"placeholder":0},"geometry":{"type":"Polygon","coordinates":[[[14.508207,50.13653],[14.508208,50.13653],[14.508209,50.13653],[14.50821,50.13653],[14.50821,50.136531],[14.5083,50.136583],[14.508332,50.136579],[14.508443,50.136495],[14.508522,50.136193],[14.508461,50.136153],[14.508461,50.136152],[14.50846,50.136152],[14.50846,50.136151],[14.508459,50.136151],[14.508445,50.136091],[14.508445,50.13609],[14.508446,50.13609],[14.508487,50.135963],[14.508487,50.135962],[14.508488,50.135962],[14.508488,50.135961],[14.508532,50.135931],[14.508443,50.135878],[14.50816,50.135862],[14.508053,50.135924],[14.507912,50.136437],[14.507926,50.136496],[14.507969,50.13652],[14.508207,50.13653]]]}},{"type":"Feature","id":"zlonicka-2-2","properties":{"id":"zlonicka-2-2","label":"Zlonická x Terezínská","street":"Zlonická","mailboxes":72,"buildings":1,"placeholder":0},"geometry":{"type":"Polygon","coordinates":[[[14.50157,50.127555],[14.501571,50.127554],[14.501572,50.127554],[14.501573,50.127554],[14.501574,50.127554],[14.501613,50.127554],[14.501634,50.127545],[14.501859,50.127094],[14.501837,50.127032],[14.501775,50.126988],[14.501412,50.126906],[14.501317,50.126921],[14.501238,50.126971],[14.501016,50.127426],[14.501036,50.127484],[14.501038,50.127485],[14.501132,50.127503],[14.501133,50.127503],[14.501133,50.127504],[14.501134,50.127504],[14.501223,50.12755],[14.501504,50.127596],[14.50157,50.127555]]]}},{"type":"Feature","id":"zlonicka-1-1","properties":{"id":"zlonicka-1-1","label":"Zlonická x Terezínská","street":"Zlonická","mailboxes":43,"buildings":1,"placeholder":0},"geometry":{"type":"Polygon","coordinates":[[[14.502117,50.127672],[14.502227,50.127665],[14.502336,50.127589],[14.502456,50.127346],[14.502447,50.127271],[14.502376,50.127216],[14.502212,50.12717],[14.502033,50.127135],[14.501936,50.127144],[14.501835,50.127206],[14.5017,50.127476],[14.50171,50.127551],[14.50179,50.12761],[14.502117,50.127672]]]}},{"type":"Feature","id":"ulehlova","properties":{"id":"ulehlova","label":"Úlehlova: Pernického - Knapova + Urubova","street":"Úlehlova","mailboxes":20,"buildings":20,"placeholder":0},"geometry":{"type":"Polygon","coordinates":[[[14.524058,50.145201],[14.524207,50.145126],[14.524267,50.145053],[14.524241,50.144972],[14.524047,50.144809],[14.524047,50.144808],[14.524046,50.144808],[14.524046,50.144807],[14.524046,50.144806],[14.524046,50.144805],[14.524047,50.144805],[14.524047,50.144804],[14.524048,50.144804],[14.524049,50.144804],[14.524049,50.144803],[14.52405,50.144803],[14.524213,50.144778],[14.524323,50.144695],[14.524324,50.144694],[14.524325,50.144694],[14.524326,50.144694],[14.524326,50.144693],[14.524427,50.144673],[14.524428,50.144673],[14.524429,50.144673],[14.52443,50.144673],[14.524431,50.144673],[14.524432,50.144673],[14.524433,50.144674],[14.52459,50.144798],[14.524737,50.144819],[14.524939,50.144735],[14.524995,50.144689],[14.525021,50.144555],[14.524915,50.144453],[14.524824,50.144417],[14.524823,50.144417],[14.524823,50.144416],[14.524822,50.144416],[14.524822,50.144415],[14.524822,50.144414],[14.524822,50.144413],[14.524868,50.144344],[14.52484,50.144268],[14.524688,50.144156],[14.524528,50.144146],[14.524527,50.144146],[14.524526,50.144146],[14.524525,50.144146],[14.524525,50.144145],[14.524524,50.144145],[14.524523,50.144144],[14.524523,50.144143],[14.524523,50.144142],[14.524553,50.144067],[14.524514,50.144],[14.524366,50.1439],[14.524226,50.143902],[14.524198,50.143902],[14.524197,50.143902],[14.524196,50.143902],[14.524196,50.143901],[14.524195,50.143901],[14.524194,50.143901],[14.524194,50.1439],[14.524193,50.1439],[14.524193,50.143899],[14.524157,50.14381],[14.524144,50.143778],[14.524049,50.143722],[14.523957,50.143714],[14.523763,50.143741],[14.523746,50.143751],[14.523747,50.143752],[14.523748,50.143752],[14.523748,50.143753],[14.523787,50.143897],[14.523842,50.144097],[14.523842,50.144098],[14.523842,50.144099],[14.523841,50.144099],[14.523747,50.144188],[14.523746,50.144188],[14.523746,50.144189],[14.523745,50.144189],[14.523744,50.144189],[14.523743,50.14419],[14.523516,50.144225],[14.523451,50.144346],[14.52345,50.144346],[14.52345,50.144347],[14.523411,50.144377],[14.52346,50.144453],[14.52346,50.144454],[14.52346,50.144455],[14.52346,50.144456],[14.523459,50.144456],[14.523458,50.144457],[14.523318,50.144518],[14.523266,50.144581],[14.523276,50.144652],[14.523357,50.144726],[14.523358,50.144726],[14.523358,50.144727],[14.523358,50.144728],[14.523359,50.14474],[14.523724,50.145024],[14.523725,50.145024],[14.523725,50.145025],[14.523726,50.145025],[14.523754,50.145097],[14.523835,50.145185],[14.52397,50.145218],[14.524058,50.145201]]]}},{"type":"Feature","id":"skarvadova","properties":{"id":"skarvadova","label":"Škarvadova: Urubova - Pernického","street":"Škarvadova","mailboxes":5,"buildings":4,"placeholder":0},"geometry":{"type":"Polygon","coordinates":[[[14.521733,50.143856],[14.521894,50.143913],[14.521926,50.143924],[14.522133,50.143907],[14.522224,50.143853],[14.522224,50.143852],[14.522225,50.143852],[14.522226,50.143852],[14.522227,50.143852],[14.522228,50.143852],[14.522229,50.143852],[14.522334,50.143878],[14.522488,50.143857],[14.522636,50.143775],[14.522677,50.143728],[14.522681,50.143723],[14.522642,50.143556],[14.522517,50.143488],[14.522362,50.143489],[14.521814,50.143573],[14.521692,50.143626],[14.521665,50.143721],[14.521733,50.143856]]]}},{"type":"Feature","id":"skarvadova-acd1","properties":{"id":"skarvadova-acd1","label":"Škarvadova: Pernického - Kadečkové","street":"Škarvadova","mailboxes":25,"buildings":24,"placeholder":0},"geometry":{"type":"Polygon","coordinates":[[[14.523756,50.143735],[14.523757,50.143735],[14.523757,50.143734],[14.523758,50.143734],[14.523759,50.143734],[14.523956,50.143706],[14.523957,50.143706],[14.523958,50.143706],[14.524052,50.143715],[14.524053,50.143716],[14.524054,50.143716],[14.524055,50.143716],[14.524153,50.143773],[14.524153,50.143774],[14.524154,50.143774],[14.524154,50.143775],[14.524164,50.1438],[14.52419,50.143777],[14.524153,50.143625],[14.524153,50.143624],[14.524154,50.143624],[14.524154,50.143623],[14.524155,50.143622],[14.524156,50.143622],[14.524157,50.143621],[14.524158,50.143621],[14.524418,50.143587],[14.524584,50.143482],[14.524585,50.143482],[14.524586,50.143481],[14.524587,50.143481],[14.524636,50.143475],[14.524693,50.143441],[14.524694,50.143441],[14.524694,50.14344],[14.524695,50.14344],[14.524696,50.14344],[14.524801,50.143418],[14.524832,50.143313],[14.524832,50.143312],[14.524833,50.143311],[14.524834,50.143311],[14.52502,50.143206],[14.52502,50.143205],[14.525021,50.143205],[14.525022,50.143205],[14.525115,50.143193],[14.525116,50.143193],[14.525117,50.143193],[14.525118,50.143193],[14.525209,50.14321],[14.52521,50.14321],[14.525211,50.143211],[14.525434,50.143363],[14.52558,50.143282],[14.526104,50.142926],[14.526122,50.142895],[14.525932,50.14278],[14.525931,50.142779],[14.525885,50.142703],[14.525884,50.142703],[14.525884,50.142702],[14.525885,50.142702],[14.525885,50.142701],[14.52589,50.142688],[14.525783,50.142685],[14.525782,50.142685],[14.525781,50.142685],[14.52578,50.142684],[14.525779,50.142684],[14.525779,50.142683],[14.525778,50.142683],[14.525778,50.142682],[14.525746,50.142595],[14.525595,50.142502],[14.525501,50.142482],[14.525463,50.142487],[14.52541,50.142493],[14.525297,50.142548],[14.524332,50.143215],[14.524331,50.143215],[14.52433,50.143215],[14.52433,50.143216],[14.524329,50.143216],[14.523313,50.14336],[14.523166,50.143401],[14.523103,50.143481],[14.52314,50.143612],[14.523205,50.14367],[14.523267,50.143686],[14.523331,50.143652],[14.523332,50.143652],[14.523333,50.143651],[14.523334,50.143651],[14.523563,50.143627],[14.523564,50.143627],[14.523565,50.143627],[14.523566,50.143627],[14.523682,50.143668],[14.523683,50.143668],[14.523683,50.143669],[14.523684,50.143669],[14.523741,50.143744],[14.523756,50.143735]]]}},{"type":"Feature","id":"skrabkovych","properties":{"id":"skrabkovych","label":"Škrábkových x Miroslava Hajna","street":"Škrábkových","mailboxes":100,"buildings":4,"placeholder":0},"geometry":{"type":"Polygon","coordinates":[[[14.517891,50.140948],[14.517891,50.140947],[14.517891,50.140946],[14.517892,50.140946],[14.517892,50.140945],[14.517893,50.140945],[14.517894,50.140944],[14.517899,50.140943],[14.517857,50.140864],[14.517857,50.140863],[14.517857,50.140862],[14.517906,50.140759],[14.517906,50.140758],[14.517907,50.140758],[14.517908,50.140757],[14.518001,50.14072],[14.518002,50.14072],[14.518068,50.140709],[14.51807,50.140692],[14.518046,50.140624],[14.517998,50.140573],[14.517912,50.140542],[14.517792,50.140538],[14.517782,50.140541],[14.517781,50.140541],[14.51778,50.140541],[14.517779,50.140541],[14.517718,50.140535],[14.517425,50.140526],[14.517342,50.140559],[14.517295,50.140619],[14.517239,50.141216],[14.517292,50.14127],[14.517392,50.1413],[14.517599,50.141308],[14.517887,50.141243],[14.517939,50.141185],[14.517891,50.140948]]]}},{"type":"Feature","id":"skrabkovych-8305","properties":{"id":"skrabkovych-8305","label":"Škrábkových x Miroslava Hajna","street":"Škrábkových","mailboxes":112,"buildings":3,"placeholder":0},"geometry":{"type":"Polygon","coordinates":[[[14.518935,50.140566],[14.518714,50.140605],[14.518074,50.140715],[14.518006,50.140727],[14.517916,50.140762],[14.517868,50.140863],[14.517911,50.140943],[14.517986,50.141086],[14.518132,50.141123],[14.5191,50.140959],[14.519189,50.140923],[14.519237,50.140822],[14.519163,50.140644],[14.519137,50.140619],[14.519111,50.140594],[14.51903,50.140566],[14.518935,50.140566]]]}},{"type":"Feature","id":"skrabkovych-cb51","properties":{"id":"skrabkovych-cb51","label":"Škrábkových x Miroslava Hajna","street":"Škrábkových","mailboxes":102,"buildings":3,"placeholder":0},"geometry":{"type":"Polygon","coordinates":[[[14.51885,50.140089],[14.518711,50.140135],[14.518599,50.140479],[14.518643,50.140568],[14.518714,50.140597],[14.518933,50.140559],[14.518934,50.140559],[14.519031,50.140559],[14.519032,50.140559],[14.519033,50.140559],[14.519034,50.140559],[14.519118,50.140588],[14.519118,50.140589],[14.519119,50.140589],[14.51912,50.140589],[14.519144,50.140613],[14.51916,50.140608],[14.519224,50.14054],[14.519225,50.14054],[14.519225,50.140539],[14.519226,50.140539],[14.519227,50.140539],[14.519228,50.140539],[14.519229,50.140539],[14.519276,50.14054],[14.519323,50.140495],[14.519324,50.140494],[14.519325,50.140494],[14.519326,50.140493],[14.51972,50.140413],[14.519721,50.140413],[14.519722,50.140413],[14.519723,50.140413],[14.519829,50.14044],[14.519866,50.140424],[14.5199,50.140328],[14.519825,50.14015],[14.519761,50.140097],[14.519632,50.140073],[14.519279,50.140132],[14.519278,50.140132],[14.519277,50.140132],[14.518915,50.140096],[14.51885,50.140089]]]}},{"type":"Feature","id":"skrabkovych-1-1","properties":{"id":"skrabkovych-1-1","label":"Škrábkových x Miroslava Hajna","street":"Škrábkových","mailboxes":77,"buildings":1,"placeholder":0},"geometry":{"type":"Polygon","coordinates":[[[14.519283,50.140546],[14.519281,50.140549],[14.519276,50.140624],[14.519276,50.140625],[14.519276,50.140626],[14.519215,50.140699],[14.519315,50.140942],[14.519439,50.140989],[14.519977,50.140892],[14.520027,50.140843],[14.520033,50.140806],[14.520036,50.140784],[14.519904,50.140513],[14.519878,50.14046],[14.519828,50.140447],[14.519721,50.14042],[14.519331,50.1405],[14.519283,50.140546]]]}},{"type":"Feature","id":"standerova","properties":{"id":"standerova","label":"Štanderova x Kadečkové","street":"Štanderova","mailboxes":104,"buildings":4,"placeholder":2},"geometry":{"type":"Polygon","coordinates":[[[14.521079,50.141541],[14.521186,50.141551],[14.521474,50.141514],[14.521581,50.141441],[14.521582,50.141441],[14.521582,50.14144],[14.521583,50.14144],[14.521584,50.14144],[14.521585,50.14144],[14.521586,50.14144],[14.521587,50.14144],[14.521738,50.141476],[14.522016,50.141438],[14.522133,50.141386],[14.522176,50.141319],[14.522081,50.140981],[14.522019,50.140937],[14.521932,50.140917],[14.521803,50.140929],[14.521802,50.140929],[14.521801,50.140929],[14.521719,50.140912],[14.521265,50.14091],[14.52117,50.140925],[14.521103,50.140965],[14.521071,50.14103],[14.521071,50.141031],[14.52107,50.141031],[14.521069,50.141032],[14.521068,50.141032],[14.520925,50.141061],[14.520853,50.14112],[14.520845,50.141188],[14.521003,50.14151],[14.521079,50.141541]]]}},{"type":"Feature","id":"sumperska-380-382","properties":{"id":"sumperska-380-382","label":"Šumperská: Dudkova - Vítkovická","street":"Šumperská","mailboxes":133,"buildings":3,"placeholder":0},"geometry":{"type":"Polygon","coordinates":[[[14.509117,50.136996],[14.509132,50.136998],[14.50923,50.13699],[14.509312,50.136949],[14.509358,50.136838],[14.509383,50.136777],[14.509361,50.13672],[14.509306,50.136679],[14.509231,50.136667],[14.508488,50.136547],[14.508378,50.136556],[14.50834,50.136585],[14.508339,50.136585],[14.508338,50.136585],[14.508338,50.136586],[14.508337,50.136586],[14.508336,50.136586],[14.508314,50.136588],[14.508308,50.136592],[14.508264,50.136625],[14.508217,50.136776],[14.508293,50.136864],[14.508295,50.136864],[14.509117,50.136996]]]}},{"type":"Feature","id":"sumperska-354-356","properties":{"id":"sumperska-354-356","label":"Šumperská: Dudkova - Krnovská","street":"Šumperská","mailboxes":48,"buildings":4,"placeholder":0},"geometry":{"type":"Polygon","coordinates":[[[14.509171,50.137469],[14.50917,50.13747],[14.509142,50.137545],[14.509314,50.137573],[14.50942,50.137563],[14.509501,50.137496],[14.509526,50.137475],[14.509662,50.137004],[14.509646,50.13693],[14.509532,50.136867],[14.509368,50.136843],[14.509323,50.136952],[14.509322,50.136952],[14.509322,50.136953],[14.509321,50.136954],[14.509236,50.136996],[14.509236,50.136997],[14.509235,50.136997],[14.509234,50.136997],[14.509233,50.136997],[14.509132,50.137005],[14.509131,50.137005],[14.50913,50.137005],[14.50912,50.137003],[14.509022,50.137329],[14.50903,50.13733],[14.509031,50.13733],[14.509031,50.137331],[14.509032,50.137331],[14.509033,50.137331],[14.509156,50.137405],[14.509157,50.137405],[14.509157,50.137406],[14.509158,50.137406],[14.509158,50.137407],[14.509171,50.137468],[14.509171,50.137469]]]}},{"type":"Feature","id":"sumperska","properties":{"id":"sumperska","label":"Šumperská: Dudkova - Frýdecká","street":"Šumperská","mailboxes":74,"buildings":6,"placeholder":0},"geometry":{"type":"Polygon","coordinates":[[[14.509465,50.138321],[14.509648,50.138352],[14.509797,50.138329],[14.509866,50.138262],[14.51003,50.137854],[14.510054,50.137793],[14.510044,50.137734],[14.509993,50.137685],[14.509993,50.137684],[14.509992,50.137683],[14.509993,50.137682],[14.510011,50.137626],[14.510031,50.137564],[14.510003,50.137549],[14.510002,50.137548],[14.510001,50.137547],[14.509965,50.137487],[14.509964,50.137487],[14.509964,50.137486],[14.509962,50.137364],[14.509962,50.137363],[14.509962,50.137362],[14.509963,50.137362],[14.51003,50.137288],[14.510031,50.137287],[14.510032,50.137287],[14.510033,50.137287],[14.51013,50.137263],[14.510165,50.137156],[14.510134,50.137089],[14.51005,50.137044],[14.509793,50.137013],[14.509707,50.137037],[14.509651,50.137084],[14.509537,50.137477],[14.509537,50.137478],[14.509536,50.137479],[14.509511,50.137499],[14.509483,50.137586],[14.509494,50.137645],[14.509543,50.137692],[14.509544,50.137692],[14.509544,50.137693],[14.509544,50.137694],[14.50937,50.138133],[14.50937,50.138139],[14.50937,50.13814],[14.509369,50.13814],[14.509369,50.138141],[14.509365,50.138146],[14.509344,50.138198],[14.509382,50.13828],[14.509431,50.138304],[14.509465,50.138321]]]}},{"type":"Feature","id":"zamberska","properties":{"id":"zamberska","label":"Žamberská: Novosvětská - Choceňská","street":"Žamberská","mailboxes":2,"buildings":1,"placeholder":0},"geometry":{"type":"Polygon","coordinates":[[[14.508213,50.14732],[14.508358,50.147389],[14.508523,50.147424],[14.508684,50.147391],[14.508771,50.147262],[14.508731,50.147088],[14.508664,50.147047],[14.508504,50.147013],[14.508411,50.147019],[14.508255,50.147072],[14.508237,50.147095],[14.508243,50.147138],[14.508243,50.147139],[14.508243,50.14714],[14.508188,50.147215],[14.508187,50.147215],[14.508187,50.147216],[14.508186,50.147216],[14.508185,50.147216],[14.508157,50.147227],[14.508158,50.147263],[14.508213,50.14732]]]}}]}